,failures,is_math,higher,health,Mjob,studytime,goout,reason,traveltime,activities,famsup,nursery,Total_alc,GPA
0,0,0,yes,3,at_home,2,4,course,2,no,no,yes,1,2.8813999999999993
1,0,0,yes,3,at_home,2,3,course,1,no,yes,no,1,2.7192999999999885
2,0,0,yes,3,at_home,2,2,other,1,no,no,yes,6,3.0696000000000074
3,0,0,yes,5,health,3,2,home,1,yes,yes,yes,1,3.475700000000025
4,0,0,yes,5,other,2,2,home,1,no,yes,yes,2,3.0696000000000074
5,0,0,yes,5,services,2,2,reputation,1,yes,yes,yes,2,3.0696000000000074
6,0,0,yes,3,other,2,4,home,1,no,no,yes,1,3.2752000000000288
7,0,0,yes,1,other,2,4,home,2,no,yes,yes,1,3.0696000000000074
8,0,0,yes,1,services,2,2,home,1,no,yes,yes,1,3.7865999999999556
9,0,0,yes,5,other,2,1,home,1,yes,yes,yes,1,3.0696000000000074
10,0,0,yes,2,teacher,2,3,reputation,1,no,yes,yes,2,3.475700000000025
11,0,0,yes,4,services,3,2,reputation,3,yes,yes,yes,1,2.960799999999995
12,0,0,yes,5,health,1,3,course,1,yes,yes,yes,3,3.0696000000000074
13,0,0,yes,3,teacher,2,3,course,2,no,yes,yes,2,3.0696000000000074
14,0,0,yes,3,other,3,2,home,1,no,yes,yes,1,3.475700000000025
15,0,0,yes,2,health,1,4,home,1,no,yes,yes,2,3.9566999999999948
16,0,0,yes,2,services,3,3,reputation,1,yes,yes,yes,2,3.3987000000000243
17,0,0,yes,4,other,2,2,reputation,3,yes,yes,yes,1,3.4567000000000245
18,3,0,yes,5,services,1,5,course,1,yes,yes,yes,8,2.0212000000000065
19,0,0,yes,5,health,1,3,home,1,yes,no,yes,3,3.0696000000000074
20,0,0,yes,1,teacher,2,1,reputation,1,no,no,yes,1,3.2804000000000295
21,0,0,yes,5,health,1,2,other,1,no,yes,yes,1,2.960799999999995
22,0,0,yes,5,teacher,2,1,course,1,yes,no,yes,3,3.2804000000000295
23,0,0,yes,5,other,2,4,reputation,2,yes,yes,yes,8,2.6274999999999995
24,0,0,yes,5,services,3,2,course,1,yes,yes,yes,1,2.7192999999999885
25,0,0,yes,5,services,1,2,home,1,no,yes,no,3,2.8813999999999993
26,0,0,yes,5,other,1,2,home,1,no,yes,yes,2,2.960799999999995
27,0,0,yes,1,health,1,4,other,1,no,no,yes,8,2.8813999999999993
28,0,0,yes,5,services,2,3,home,1,yes,yes,yes,1,3.0696000000000074
29,0,0,yes,5,teacher,2,5,home,1,yes,yes,yes,25,2.960799999999995
30,0,0,yes,5,health,2,2,home,1,no,yes,no,12,2.753599999999988
31,0,0,yes,5,services,2,1,reputation,2,yes,yes,yes,1,3.7431999999999626
32,0,0,yes,5,teacher,2,2,course,1,yes,yes,yes,1,3.475700000000025
33,0,0,yes,2,other,2,2,course,1,yes,no,no,1,3.0696000000000074
34,0,0,yes,5,other,1,3,home,1,no,yes,no,1,3.0696000000000074
35,0,0,yes,5,other,1,1,other,2,yes,yes,yes,1,2.8813999999999993
36,0,0,yes,4,teacher,3,3,home,1,yes,yes,yes,1,3.475700000000025
37,0,0,yes,5,other,3,3,reputation,2,yes,yes,yes,1,3.2804000000000295
38,0,0,yes,5,services,3,2,course,1,yes,yes,yes,1,2.960799999999995
39,0,0,yes,2,at_home,1,1,reputation,1,yes,yes,yes,1,3.2804000000000295
40,0,0,yes,3,other,2,3,home,2,yes,yes,no,2,2.753599999999988
41,0,0,yes,5,teacher,1,3,home,1,no,yes,no,8,2.753599999999988
42,0,0,yes,5,services,2,3,course,1,yes,yes,yes,1,3.630499999999973
43,0,0,yes,1,services,1,1,course,1,no,yes,yes,1,2.5397000000000025
44,1,0,yes,5,other,2,3,course,2,yes,no,yes,4,2.753599999999988
45,0,0,yes,5,other,2,2,course,1,yes,yes,yes,1,2.753599999999988
46,0,0,yes,3,other,2,5,home,1,no,yes,yes,4,3.2752000000000288
47,0,0,yes,2,health,4,2,reputation,1,yes,no,yes,1,3.9566999999999948
48,0,0,yes,5,teacher,2,3,home,1,no,yes,yes,4,3.0696000000000074
49,0,0,yes,3,services,2,4,other,1,yes,yes,no,1,3.0696000000000074
50,0,0,yes,4,services,2,3,course,3,no,yes,yes,6,3.3987000000000243
51,0,0,yes,5,health,2,3,other,1,no,yes,yes,1,3.7865999999999556
52,0,0,yes,5,health,1,5,other,2,no,no,yes,12,2.403800000000029
53,0,0,yes,5,services,1,4,course,1,no,yes,yes,6,3.0696000000000074
54,0,0,yes,1,other,1,4,other,1,no,no,yes,16,3.2752000000000288
55,0,0,yes,2,other,2,4,other,1,yes,no,yes,1,3.0696000000000074
56,0,0,yes,1,services,2,2,reputation,1,yes,yes,yes,1,3.630499999999973
57,0,0,yes,5,teacher,2,2,reputation,1,yes,yes,yes,1,3.7865999999999556
58,0,0,yes,5,other,2,2,home,1,yes,yes,yes,1,3.4567000000000245
59,0,0,yes,5,services,2,3,course,1,no,yes,yes,1,3.7865999999999556
60,0,0,yes,4,health,2,4,other,1,yes,yes,yes,6,3.9080999999999833
61,0,0,yes,5,services,1,5,course,4,yes,yes,no,25,3.0696000000000074
62,0,0,yes,1,other,2,3,reputation,1,yes,no,yes,1,3.0696000000000074
63,0,0,yes,4,teacher,3,4,home,1,yes,yes,yes,8,3.3987000000000243
64,0,0,yes,2,services,2,4,reputation,1,yes,no,yes,8,3.0696000000000074
65,0,0,yes,1,teacher,2,3,course,3,yes,yes,yes,2,3.7865999999999556
66,0,0,yes,3,other,4,3,reputation,1,yes,yes,no,25,2.960799999999995
67,0,0,yes,5,services,4,3,course,1,no,yes,yes,2,2.5397000000000025
68,0,0,yes,4,health,2,3,reputation,2,no,yes,yes,3,2.753599999999988
69,0,0,yes,3,other,4,2,reputation,2,no,yes,no,6,3.7431999999999626
70,0,0,yes,5,other,4,2,reputation,2,no,yes,yes,1,2.960799999999995
71,0,0,yes,3,other,4,3,course,1,no,no,yes,1,2.6274999999999995
72,0,0,yes,5,other,2,4,reputation,1,no,yes,no,8,2.960799999999995
73,0,0,yes,5,other,1,2,reputation,1,yes,no,yes,4,3.3987000000000243
74,0,0,yes,5,other,2,3,home,1,yes,yes,yes,8,2.8813999999999993
75,0,0,yes,5,teacher,2,3,home,1,yes,yes,yes,6,2.8813999999999993
76,0,0,yes,1,teacher,4,3,course,2,yes,no,yes,1,2.938699999999997
77,0,0,yes,3,other,4,3,reputation,1,no,no,yes,3,3.2804000000000295
78,3,0,no,3,other,1,1,home,2,yes,yes,yes,1,2.403800000000029
79,0,0,yes,3,at_home,2,3,course,1,no,yes,yes,2,2.938699999999997
80,0,0,yes,3,other,1,2,course,1,yes,yes,no,3,2.938699999999997
81,0,0,yes,5,other,3,2,home,1,no,no,no,2,2.403800000000029
82,0,0,yes,5,services,2,4,reputation,1,no,yes,yes,1,2.938699999999997
83,0,0,yes,4,services,2,3,home,2,yes,no,yes,3,3.2752000000000288
84,0,0,yes,4,other,2,2,home,1,yes,yes,no,6,3.0696000000000074
85,0,0,yes,5,services,2,4,reputation,2,no,no,yes,6,2.960799999999995
86,0,0,yes,2,at_home,2,4,course,1,no,yes,yes,2,2.960799999999995
87,0,0,yes,1,other,3,3,reputation,1,yes,yes,yes,3,3.7431999999999626
88,0,0,yes,3,services,2,2,reputation,2,yes,no,no,1,2.8813999999999993
89,0,0,yes,5,teacher,2,3,reputation,1,no,yes,yes,15,2.403800000000029
90,0,0,yes,4,other,3,3,home,1,no,yes,yes,3,2.7192999999999885
91,0,0,yes,1,services,1,5,reputation,1,yes,no,yes,3,3.3987000000000243
92,0,0,yes,2,other,2,3,home,1,no,yes,yes,6,3.0696000000000074
93,0,0,yes,1,teacher,2,3,home,2,yes,yes,yes,1,3.4567000000000245
94,0,0,yes,4,services,4,4,reputation,1,yes,yes,yes,1,2.960799999999995
95,0,0,yes,1,at_home,4,2,home,2,yes,yes,yes,1,3.2804000000000295
96,0,0,yes,4,services,1,3,reputation,2,yes,yes,no,1,2.7192999999999885
97,0,0,yes,5,other,2,5,course,1,no,yes,yes,1,3.0696000000000074
98,0,0,yes,1,other,1,4,reputation,1,yes,no,no,2,3.2752000000000288
99,0,0,yes,3,other,3,5,course,1,no,yes,yes,1,3.2752000000000288
100,0,0,yes,4,services,1,5,other,1,yes,yes,yes,25,2.1876000000000246
101,0,0,yes,4,services,3,3,other,1,yes,yes,yes,1,3.7865999999999556
102,0,0,yes,5,services,1,3,course,1,yes,yes,no,1,3.0696000000000074
103,0,0,yes,2,services,2,5,home,2,no,yes,yes,1,2.7192999999999885
104,0,0,yes,1,services,2,4,course,1,yes,yes,yes,1,3.7865999999999556
105,0,0,yes,4,other,4,3,reputation,1,no,no,yes,1,2.6274999999999995
106,0,0,yes,3,other,4,2,course,1,no,yes,yes,1,2.6274999999999995
107,0,0,yes,5,services,3,3,home,1,yes,yes,yes,1,3.4567000000000245
108,0,0,yes,1,other,4,5,home,4,yes,yes,yes,15,2.8813999999999993
109,0,0,yes,4,health,3,5,other,1,yes,yes,yes,1,3.630499999999973
110,0,0,yes,4,teacher,1,3,course,1,yes,no,yes,1,3.4567000000000245
111,0,0,yes,2,services,3,2,reputation,1,yes,yes,yes,1,2.8813999999999993
112,1,0,yes,5,at_home,2,2,home,1,yes,no,yes,1,2.403800000000029
113,0,0,yes,3,teacher,1,2,course,1,no,no,yes,1,3.9566999999999948
114,0,0,yes,5,health,2,2,reputation,1,yes,no,yes,1,2.5397000000000025
115,0,0,yes,5,teacher,2,4,course,1,yes,yes,yes,2,3.630499999999973
116,0,0,yes,2,other,2,3,reputation,2,yes,yes,yes,1,3.7865999999999556
117,0,0,yes,5,other,1,2,home,2,yes,no,yes,1,3.475700000000025
118,1,0,yes,5,other,2,4,course,3,yes,yes,yes,4,2.938699999999997
119,0,0,yes,4,other,1,3,reputation,1,no,no,yes,2,3.4567000000000245
120,0,0,yes,1,at_home,2,3,course,1,no,no,no,2,3.475700000000025
121,0,0,yes,5,services,4,4,home,1,yes,yes,yes,2,3.3987000000000243
122,0,0,yes,5,other,2,2,course,2,yes,yes,yes,2,3.2804000000000295
123,0,0,yes,5,health,1,4,course,1,yes,yes,yes,4,3.2752000000000288
124,0,0,yes,5,other,2,4,home,1,no,no,yes,1,2.938699999999997
125,0,0,yes,5,services,1,5,home,1,no,no,yes,6,2.2827000000000277
126,0,0,yes,1,other,2,2,home,1,yes,no,yes,1,2.753599999999988
127,2,0,no,5,at_home,2,2,course,1,no,yes,no,1,2.6274999999999995
128,0,0,yes,4,teacher,1,5,course,1,yes,no,yes,10,3.475700000000025
129,0,0,yes,1,other,3,3,course,2,no,yes,no,4,3.2752000000000288
130,0,0,yes,5,services,3,2,course,2,no,yes,yes,4,2.8813999999999993
131,3,0,no,5,services,2,5,reputation,1,yes,yes,yes,3,2.2827000000000277
132,0,0,yes,5,other,1,2,course,3,no,yes,yes,2,2.753599999999988
133,0,0,yes,4,at_home,1,3,course,3,yes,yes,no,2,3.0696000000000074
134,0,0,yes,5,other,1,4,course,1,no,yes,yes,3,3.0696000000000074
135,0,0,yes,5,services,1,1,course,1,no,no,yes,4,3.475700000000025
136,0,0,yes,2,at_home,1,1,course,4,no,no,yes,1,2.5397000000000025
137,1,0,yes,5,other,1,4,home,1,no,no,yes,1,2.960799999999995
138,0,0,yes,5,at_home,2,3,course,4,no,yes,yes,1,2.938699999999997
139,0,0,yes,5,services,3,3,course,1,yes,yes,yes,1,3.475700000000025
140,0,0,yes,5,at_home,2,5,course,3,no,no,yes,8,2.5397000000000025
141,0,0,yes,3,at_home,2,3,course,4,no,yes,yes,1,3.3987000000000243
142,0,0,yes,4,services,1,4,course,2,yes,no,yes,20,2.938699999999997
143,0,0,yes,5,other,3,3,course,1,yes,yes,no,5,2.938699999999997
144,0,0,yes,1,other,1,3,reputation,2,yes,yes,yes,2,2.938699999999997
145,0,0,yes,5,other,1,2,course,2,yes,yes,no,1,2.403800000000029
146,2,0,yes,5,services,2,4,course,1,no,no,yes,3,2.6274999999999995
147,0,0,yes,5,teacher,1,2,course,2,yes,no,yes,1,3.4567000000000245
148,1,0,yes,1,other,1,5,course,3,yes,no,yes,1,2.1876000000000246
149,0,0,yes,3,teacher,4,2,course,2,no,yes,yes,1,2.7192999999999885
150,0,0,yes,1,services,2,2,home,1,no,no,no,6,2.1876000000000246
151,0,0,yes,5,services,3,3,course,1,yes,yes,yes,3,3.4567000000000245
152,0,0,yes,2,services,1,3,reputation,2,yes,yes,yes,4,2.938699999999997
153,0,0,yes,5,teacher,3,2,course,1,yes,yes,yes,1,3.2804000000000295
154,0,0,yes,1,at_home,1,4,course,1,no,no,yes,9,2.753599999999988
155,0,0,yes,5,other,1,5,home,1,no,yes,yes,2,1.7322999999999935
156,0,0,yes,5,other,2,2,course,1,no,yes,yes,2,3.0696000000000074
157,0,0,no,5,at_home,1,2,home,2,yes,yes,yes,1,2.7192999999999885
158,1,0,yes,3,health,2,2,home,1,no,yes,yes,1,2.8813999999999993
159,0,0,yes,5,at_home,2,2,course,1,no,yes,no,1,3.2752000000000288
160,0,0,yes,1,at_home,2,4,course,1,no,no,no,8,2.8813999999999993
161,0,0,no,5,teacher,1,2,course,1,no,yes,yes,2,2.1876000000000246
162,0,0,yes,5,services,1,5,course,4,no,no,yes,10,2.938699999999997
163,2,0,no,4,other,1,5,course,1,no,no,yes,10,2.6274999999999995
164,1,0,yes,5,at_home,1,4,course,1,yes,no,yes,15,2.5397000000000025
165,0,0,yes,3,services,3,1,reputation,2,yes,yes,yes,6,3.2804000000000295
166,0,0,no,4,services,1,4,home,1,no,yes,yes,1,2.7192999999999885
167,0,0,yes,4,other,1,1,course,1,no,yes,yes,1,3.2804000000000295
168,0,0,yes,1,at_home,2,4,course,1,yes,no,yes,1,2.0212000000000065
169,3,0,yes,5,other,1,2,reputation,1,no,no,yes,9,2.2827000000000277
170,3,0,yes,4,at_home,1,5,course,3,yes,yes,no,5,2.753599999999988
171,0,0,yes,3,at_home,1,2,course,3,no,no,no,2,2.8813999999999993
172,1,0,yes,5,other,2,5,course,1,no,yes,yes,16,1.7322999999999935
173,2,0,yes,5,health,1,5,course,2,no,no,no,15,2.2827000000000277
174,1,0,no,5,at_home,1,2,course,2,yes,no,yes,4,2.1876000000000246
175,2,0,yes,3,other,2,4,course,2,no,yes,yes,4,1.7322999999999935
176,0,0,yes,5,other,1,4,course,2,yes,no,yes,8,2.2827000000000277
177,1,0,no,2,at_home,1,3,course,1,no,no,yes,4,2.1876000000000246
178,0,0,no,5,other,2,5,course,4,yes,no,yes,5,2.1876000000000246
179,3,0,no,2,services,1,2,course,2,yes,yes,no,1,2.0212000000000065
180,0,0,no,4,other,2,5,course,1,no,no,yes,8,2.6274999999999995
181,0,0,yes,3,health,2,3,home,1,no,no,yes,1,3.9566999999999948
182,0,0,yes,4,other,2,5,home,1,no,yes,no,1,3.0696000000000074
183,0,0,yes,3,health,2,2,reputation,1,no,yes,yes,1,3.9080999999999833
184,1,0,yes,2,other,1,5,course,3,yes,yes,no,8,2.403800000000029
185,0,0,yes,3,other,2,2,reputation,2,yes,yes,yes,1,3.9566999999999948
186,0,0,yes,5,teacher,2,4,reputation,1,yes,yes,yes,3,2.6274999999999995
187,0,0,yes,3,at_home,2,5,home,1,yes,no,no,1,3.3987000000000243
188,0,0,yes,4,other,2,5,reputation,2,yes,yes,yes,1,3.475700000000025
189,0,0,yes,4,teacher,2,4,course,2,yes,no,yes,16,2.753599999999988
190,0,0,yes,5,services,2,4,reputation,2,yes,no,no,4,3.2804000000000295
191,0,0,yes,4,other,2,4,reputation,1,yes,no,no,4,2.6274999999999995
192,0,0,yes,3,teacher,1,3,other,1,yes,yes,yes,12,2.6274999999999995
193,0,0,yes,2,other,2,3,course,1,yes,yes,yes,1,2.960799999999995
194,0,0,yes,3,teacher,2,3,home,1,yes,yes,yes,6,2.753599999999988
195,0,0,yes,3,services,2,3,home,1,yes,no,yes,2,3.0696000000000074
196,0,0,yes,5,services,2,2,reputation,1,yes,yes,yes,6,3.9566999999999948
197,0,0,yes,1,other,2,3,reputation,1,yes,yes,yes,6,3.4567000000000245
198,0,0,yes,1,other,2,2,reputation,1,no,yes,yes,2,3.7431999999999626
199,0,0,yes,4,services,2,4,other,1,yes,yes,yes,6,3.2752000000000288
200,0,0,yes,3,services,1,3,other,1,yes,yes,yes,2,2.6274999999999995
201,0,0,yes,5,other,2,3,course,1,yes,no,yes,2,3.475700000000025
202,0,0,yes,3,health,2,3,reputation,1,no,yes,no,3,3.2804000000000295
203,0,0,yes,3,at_home,2,3,home,1,no,no,yes,5,2.403800000000029
204,0,0,yes,2,services,2,3,course,1,no,no,yes,1,3.0696000000000074
205,0,0,yes,3,at_home,2,3,course,1,yes,no,yes,1,2.960799999999995
206,0,0,yes,5,at_home,2,4,other,2,yes,no,no,20,2.8813999999999993
207,0,0,yes,5,services,1,2,reputation,1,yes,yes,yes,12,2.7192999999999885
208,0,0,yes,3,other,1,3,home,2,no,no,yes,1,3.0696000000000074
209,0,0,yes,5,services,2,2,course,1,yes,no,yes,1,3.7431999999999626
210,0,0,yes,5,services,1,3,home,1,no,no,yes,2,3.3987000000000243
211,0,0,yes,3,teacher,1,4,home,3,yes,yes,yes,15,2.8813999999999993
212,1,0,yes,2,services,1,4,home,2,no,yes,yes,6,3.7431999999999626
213,0,0,yes,3,teacher,2,2,reputation,1,no,yes,yes,2,2.753599999999988
214,0,0,yes,2,health,2,5,home,1,yes,yes,yes,5,3.475700000000025
215,0,0,yes,4,other,2,3,reputation,1,yes,yes,yes,3,2.960799999999995
216,0,0,yes,1,other,2,4,course,1,no,yes,no,3,3.630499999999973
217,0,0,yes,3,other,1,2,reputation,1,no,yes,yes,2,3.2804000000000295
218,0,0,yes,5,services,4,5,reputation,2,yes,yes,no,1,3.2804000000000295
219,1,0,yes,5,at_home,3,3,home,1,no,yes,yes,12,2.1876000000000246
220,0,0,yes,4,services,2,3,course,1,no,yes,yes,4,2.938699999999997
221,0,0,yes,1,teacher,2,2,other,1,yes,no,yes,1,3.630499999999973
222,0,0,yes,5,at_home,1,2,home,2,no,yes,yes,4,3.2752000000000288
223,0,0,yes,4,teacher,3,2,reputation,2,yes,yes,yes,1,2.960799999999995
224,0,0,yes,3,other,4,3,reputation,1,yes,yes,yes,2,3.0696000000000074
225,0,0,yes,3,services,2,5,home,1,no,yes,yes,20,3.0696000000000074
226,0,0,yes,4,other,2,4,reputation,1,no,yes,yes,1,3.2804000000000295
227,0,0,yes,5,services,2,4,home,1,yes,yes,yes,8,2.938699999999997
228,0,0,yes,3,services,1,1,other,1,no,yes,yes,2,2.938699999999997
229,0,0,yes,1,other,2,4,reputation,2,no,no,yes,3,3.7431999999999626
230,0,0,yes,1,other,2,5,reputation,1,no,no,yes,8,2.6274999999999995
231,0,0,yes,4,services,2,4,home,1,no,yes,yes,8,2.6274999999999995
232,0,0,yes,3,at_home,1,3,home,2,no,yes,yes,4,3.2752000000000288
233,0,0,yes,4,at_home,3,3,course,1,yes,yes,yes,1,3.0696000000000074
234,0,0,yes,5,at_home,2,5,reputation,2,yes,yes,yes,2,2.753599999999988
235,0,0,yes,5,at_home,3,4,reputation,1,yes,yes,yes,1,3.0696000000000074
236,0,0,yes,3,services,2,1,other,1,no,no,yes,1,3.3987000000000243
237,3,0,yes,4,other,2,3,home,2,no,yes,yes,25,2.5397000000000025
238,0,0,yes,5,teacher,3,2,home,1,yes,yes,no,1,3.7865999999999556
239,0,0,yes,4,other,2,3,reputation,1,yes,no,yes,1,2.1876000000000246
240,0,0,yes,3,other,2,4,course,1,yes,no,no,3,3.9566999999999948
241,0,0,yes,3,services,2,3,reputation,1,no,yes,no,3,2.753599999999988
242,0,0,yes,3,at_home,2,2,course,4,yes,yes,yes,20,2.6274999999999995
243,0,0,yes,3,other,3,3,course,2,yes,no,yes,2,3.7865999999999556
244,0,0,yes,3,health,2,3,reputation,1,yes,no,yes,2,3.2752000000000288
245,0,0,yes,1,other,2,2,course,2,yes,yes,yes,1,3.2752000000000288
246,0,0,yes,2,teacher,2,5,reputation,1,yes,yes,yes,3,3.2804000000000295
247,0,0,yes,1,health,2,4,reputation,1,yes,yes,yes,8,3.3987000000000243
248,0,0,yes,5,other,2,2,home,2,no,yes,yes,1,2.2827000000000277
249,0,0,yes,2,at_home,3,3,reputation,2,yes,no,yes,3,3.0696000000000074
250,0,0,yes,4,other,2,2,home,1,yes,no,no,25,3.7865999999999556
251,0,0,yes,5,other,1,2,home,1,no,no,yes,1,2.5397000000000025
252,0,0,yes,5,other,2,3,home,1,yes,no,yes,2,3.3987000000000243
253,1,0,yes,3,services,2,3,course,2,no,yes,yes,1,2.6274999999999995
254,1,0,yes,5,at_home,2,1,course,1,no,yes,no,1,2.2827000000000277
255,1,0,no,3,other,1,1,course,2,no,no,yes,1,1.7322999999999935
256,1,0,no,1,other,1,3,course,1,yes,yes,no,4,2.0212000000000065
257,0,0,yes,5,teacher,1,1,course,1,yes,yes,no,2,2.2827000000000277
258,0,0,yes,3,other,2,2,course,1,yes,no,yes,1,3.475700000000025
259,0,0,yes,4,at_home,3,2,course,1,yes,yes,yes,2,2.7192999999999885
260,0,0,no,5,other,1,5,course,1,no,no,yes,2,2.938699999999997
261,0,0,yes,3,at_home,2,1,course,3,yes,no,yes,1,3.2804000000000295
262,1,0,yes,5,other,1,4,course,4,no,yes,yes,1,2.1876000000000246
263,0,0,no,2,other,2,4,reputation,1,no,no,yes,15,2.0212000000000065
264,1,0,no,1,other,1,2,home,1,no,yes,no,1,2.6274999999999995
265,0,0,yes,5,at_home,3,3,course,2,yes,no,yes,3,3.630499999999973
266,0,0,yes,4,teacher,2,2,course,1,yes,yes,yes,1,3.475700000000025
267,0,0,yes,5,health,2,5,course,2,yes,no,yes,4,3.7431999999999626
268,0,0,yes,4,teacher,2,3,course,2,no,yes,yes,6,3.0696000000000074
269,0,0,yes,3,teacher,1,5,course,1,yes,no,no,1,3.475700000000025
270,0,0,yes,5,services,1,2,course,1,yes,no,yes,2,3.630499999999973
271,0,0,yes,5,teacher,2,1,course,1,no,yes,yes,4,2.938699999999997
272,0,0,yes,1,other,3,3,home,2,no,no,no,1,3.475700000000025
273,0,0,yes,5,services,3,2,home,2,no,yes,yes,6,2.8813999999999993
274,0,0,yes,4,at_home,2,2,course,1,no,no,no,1,2.5397000000000025
275,0,0,yes,3,other,3,4,course,2,no,yes,no,1,2.8813999999999993
276,0,0,yes,4,other,1,3,course,3,no,no,yes,1,3.7865999999999556
277,0,0,yes,5,other,2,4,course,1,no,yes,yes,2,2.753599999999988
278,0,0,yes,2,other,1,2,course,2,no,no,yes,1,2.938699999999997
279,3,0,no,1,services,1,5,other,1,no,no,no,25,1.7322999999999935
280,0,0,yes,5,other,2,3,course,1,no,yes,yes,3,2.5397000000000025
281,0,0,yes,5,other,1,2,other,1,no,no,no,8,2.938699999999997
282,0,0,no,5,services,1,5,course,2,no,no,yes,8,1.7322999999999935
283,1,0,yes,2,at_home,2,3,reputation,3,no,yes,no,3,2.6274999999999995
284,2,0,no,5,services,1,5,other,1,no,no,no,10,1.7322999999999935
285,0,0,yes,3,other,1,2,course,2,yes,no,no,3,3.2804000000000295
286,0,0,yes,5,other,1,2,course,1,no,no,no,8,3.0696000000000074
287,1,0,yes,5,health,1,4,course,2,yes,yes,yes,2,2.5397000000000025
288,0,0,yes,5,other,2,4,course,1,no,yes,no,3,3.0696000000000074
289,0,0,yes,4,teacher,4,3,reputation,1,yes,yes,yes,1,3.7865999999999556
290,0,0,yes,5,services,2,3,home,1,no,yes,yes,1,2.7192999999999885
291,1,0,no,5,services,2,5,course,3,yes,no,no,16,2.753599999999988
292,0,0,yes,5,other,3,4,course,1,yes,yes,yes,3,3.0696000000000074
293,0,0,yes,3,other,3,3,home,1,no,yes,no,6,3.0696000000000074
294,0,0,yes,5,other,2,3,home,1,no,no,yes,1,2.960799999999995
295,0,0,yes,1,services,2,1,reputation,1,no,yes,yes,1,3.2752000000000288
296,0,0,yes,4,other,2,4,home,1,yes,no,yes,2,3.7865999999999556
297,0,0,no,4,other,1,2,other,2,no,no,no,1,2.5397000000000025
298,0,0,yes,2,services,4,1,course,1,yes,no,yes,1,2.8813999999999993
299,0,0,no,2,other,2,3,course,2,yes,yes,yes,2,2.938699999999997
300,0,0,yes,2,services,2,2,home,1,no,yes,yes,3,3.7431999999999626
301,0,0,yes,3,teacher,2,2,course,1,no,yes,no,1,2.7192999999999885
302,0,0,yes,3,other,3,2,course,1,yes,no,no,1,2.8813999999999993
303,0,0,yes,4,other,3,3,home,1,yes,no,no,1,3.3987000000000243
304,0,0,yes,3,at_home,3,3,home,1,yes,yes,yes,1,3.0696000000000074
305,0,0,no,4,other,1,4,home,2,no,no,yes,6,2.1876000000000246
306,0,0,yes,1,other,2,5,reputation,2,yes,yes,yes,12,3.7865999999999556
307,0,0,yes,5,services,2,4,other,1,yes,no,yes,12,3.0696000000000074
308,0,0,yes,4,teacher,2,4,reputation,2,yes,no,yes,4,2.8813999999999993
309,0,0,yes,5,health,2,5,reputation,1,yes,yes,yes,3,3.0696000000000074
310,0,0,no,3,other,2,5,reputation,2,no,yes,yes,2,2.2827000000000277
311,0,0,yes,5,other,2,5,home,1,yes,yes,yes,9,2.960799999999995
312,0,0,yes,2,other,4,5,reputation,1,yes,yes,yes,3,3.7865999999999556
313,0,0,yes,3,other,2,3,home,2,no,yes,no,1,3.2804000000000295
314,0,0,yes,1,at_home,2,2,home,1,yes,yes,no,4,3.9566999999999948
315,0,0,yes,1,other,2,5,home,1,no,yes,yes,2,3.475700000000025
316,0,0,yes,1,at_home,2,3,reputation,2,no,yes,yes,1,3.7865999999999556
317,0,0,yes,5,services,2,4,course,2,no,yes,yes,6,3.0696000000000074
318,0,0,no,5,other,2,1,home,2,no,no,no,1,2.7192999999999885
319,0,0,yes,3,teacher,1,4,home,2,yes,no,yes,4,2.960799999999995
320,1,0,yes,4,health,2,4,reputation,1,yes,yes,yes,1,3.2804000000000295
321,0,0,yes,1,other,3,3,reputation,3,no,yes,yes,1,3.475700000000025
322,1,0,no,3,services,2,3,reputation,1,no,yes,yes,12,2.2827000000000277
323,0,0,yes,1,teacher,1,3,course,2,yes,no,yes,2,2.6274999999999995
324,0,0,no,4,at_home,1,4,home,2,no,no,no,8,2.7192999999999885
325,0,0,yes,5,services,1,4,home,2,yes,no,yes,8,2.753599999999988
326,0,0,yes,3,teacher,1,4,home,1,no,no,yes,12,3.2804000000000295
327,0,0,yes,3,at_home,4,2,reputation,2,yes,yes,yes,1,3.9566999999999948
328,0,0,yes,4,other,2,4,home,2,yes,no,yes,1,3.2752000000000288
329,0,0,yes,5,other,2,5,course,1,no,yes,no,2,3.2752000000000288
330,0,0,yes,5,other,2,1,reputation,2,yes,no,yes,1,3.2804000000000295
331,0,0,yes,4,other,2,3,reputation,1,no,no,no,2,3.0696000000000074
332,0,0,yes,2,at_home,3,3,other,1,no,yes,yes,2,3.9566999999999948
333,0,0,yes,3,services,3,3,reputation,1,no,yes,yes,1,3.3987000000000243
334,0,0,yes,2,services,3,4,reputation,1,yes,no,yes,3,3.630499999999973
335,0,0,yes,2,teacher,2,3,reputation,1,yes,yes,yes,1,3.9566999999999948
336,0,0,yes,5,teacher,2,2,home,1,yes,yes,yes,4,3.7865999999999556
337,0,0,yes,3,health,3,2,reputation,1,no,yes,yes,2,3.9566999999999948
338,0,0,yes,3,services,4,2,reputation,2,no,yes,yes,1,3.9566999999999948
339,0,0,yes,4,services,3,2,reputation,2,yes,yes,yes,1,3.630499999999973
340,0,0,yes,5,health,1,3,home,1,no,yes,yes,3,3.630499999999973
341,0,0,yes,2,health,2,4,reputation,2,yes,yes,yes,6,3.3987000000000243
342,0,0,yes,2,other,2,5,home,2,no,yes,yes,2,3.4567000000000245
343,0,0,yes,3,other,4,3,reputation,1,no,yes,yes,1,3.9566999999999948
344,0,0,yes,1,teacher,1,2,home,1,no,yes,yes,4,3.9566999999999948
345,0,0,yes,4,health,2,4,home,1,no,yes,yes,1,3.630499999999973
346,0,0,yes,5,other,1,1,home,2,no,no,yes,4,3.2752000000000288
347,0,0,yes,5,services,3,4,reputation,2,yes,yes,yes,1,1.7322999999999935
348,0,0,yes,3,other,3,3,reputation,2,no,yes,yes,1,3.7865999999999556
349,0,0,yes,5,health,4,2,reputation,1,yes,yes,no,2,3.9566999999999948
350,1,0,yes,5,at_home,3,1,course,2,yes,no,yes,1,2.6274999999999995
351,2,0,yes,5,services,1,3,course,1,yes,no,yes,1,3.630499999999973
352,0,0,yes,5,other,2,3,reputation,1,yes,no,yes,2,2.7192999999999885
353,0,0,yes,5,other,2,4,home,1,no,yes,no,2,2.7192999999999885
354,0,0,yes,1,services,2,3,course,2,yes,yes,yes,2,3.2804000000000295
355,0,0,yes,3,other,2,1,course,2,yes,no,yes,1,3.0696000000000074
356,0,0,yes,5,teacher,1,4,course,1,yes,no,yes,1,3.7865999999999556
357,0,0,yes,5,other,3,4,course,1,yes,yes,yes,1,3.7865999999999556
358,0,0,yes,1,health,1,4,course,2,no,yes,yes,4,3.2804000000000295
359,0,0,yes,5,at_home,3,4,course,1,yes,yes,no,10,3.7865999999999556
360,0,0,yes,3,at_home,2,4,course,1,no,yes,yes,1,3.0696000000000074
361,0,0,yes,1,health,2,4,course,2,yes,yes,yes,1,2.7192999999999885
362,0,0,yes,5,teacher,2,4,course,1,no,yes,yes,9,3.0696000000000074
363,0,0,yes,1,other,1,4,course,1,yes,yes,yes,1,3.0696000000000074
364,0,0,yes,5,health,1,4,course,1,yes,no,yes,2,3.7865999999999556
365,0,0,yes,5,services,2,2,course,1,no,yes,yes,2,3.7865999999999556
366,0,0,yes,5,services,2,3,home,1,no,yes,yes,1,3.0696000000000074
367,0,0,yes,2,other,2,3,home,1,yes,no,yes,4,3.0696000000000074
368,0,0,yes,5,other,1,5,reputation,1,no,yes,yes,12,2.403800000000029
369,0,0,no,5,other,3,5,course,3,yes,no,yes,12,2.7192999999999885
370,2,0,yes,4,other,2,4,course,3,no,yes,no,1,2.1876000000000246
371,0,0,yes,5,other,1,5,course,1,yes,yes,yes,8,2.6274999999999995
372,0,0,yes,3,other,2,2,course,1,no,yes,yes,1,3.3987000000000243
373,0,0,yes,3,services,3,2,course,1,yes,yes,yes,4,2.753599999999988
374,0,0,yes,5,services,3,3,course,1,no,yes,no,6,3.9566999999999948
375,0,0,yes,2,at_home,3,3,home,2,no,no,yes,6,3.475700000000025
376,0,0,yes,2,other,3,5,home,2,yes,no,yes,2,3.475700000000025
377,0,0,yes,3,other,3,3,course,1,yes,no,yes,4,3.3987000000000243
378,0,0,yes,5,other,1,5,reputation,1,yes,no,no,15,3.9566999999999948
379,0,0,yes,4,services,1,5,course,4,no,yes,yes,25,2.7192999999999885
380,0,0,yes,4,teacher,3,4,course,1,yes,yes,yes,3,3.2752000000000288
381,0,0,yes,4,teacher,3,3,course,2,no,yes,no,2,3.630499999999973
382,0,0,yes,5,at_home,1,5,course,1,yes,yes,yes,10,2.938699999999997
383,0,0,yes,5,other,4,5,course,1,yes,yes,yes,8,2.938699999999997
384,0,0,yes,5,at_home,1,4,home,1,no,yes,no,4,2.7192999999999885
385,0,0,yes,2,at_home,2,5,course,4,yes,no,yes,1,2.5397000000000025
386,0,0,yes,5,at_home,3,3,course,1,no,yes,yes,1,3.7431999999999626
387,0,0,yes,5,other,1,2,reputation,1,no,no,no,2,3.630499999999973
388,0,0,yes,4,services,2,4,home,1,yes,no,yes,1,2.8813999999999993
389,0,0,yes,2,other,2,3,home,1,yes,no,no,1,2.7192999999999885
390,0,0,yes,4,at_home,4,4,course,2,yes,no,yes,1,3.4567000000000245
391,0,0,yes,5,services,3,5,course,1,no,no,yes,3,3.2752000000000288
392,0,0,yes,2,other,2,2,home,1,no,yes,yes,6,3.3987000000000243
393,0,0,yes,1,services,4,3,home,1,no,yes,yes,1,3.475700000000025
394,0,0,yes,2,other,2,3,home,1,no,yes,yes,6,3.630499999999973
395,0,0,yes,2,teacher,2,3,home,1,yes,yes,yes,4,3.0696000000000074
396,0,0,yes,5,services,2,3,home,1,yes,no,yes,3,3.9080999999999833
397,0,0,yes,4,at_home,2,1,home,1,no,yes,yes,2,3.0696000000000074
398,0,0,yes,3,at_home,3,3,course,1,no,yes,yes,2,3.0696000000000074
399,0,0,yes,1,other,3,3,other,1,no,no,yes,6,3.7865999999999556
400,0,0,yes,4,teacher,3,2,course,1,no,no,yes,2,3.7865999999999556
401,0,0,yes,5,teacher,3,5,course,1,no,yes,yes,6,3.4567000000000245
402,0,0,yes,4,health,3,3,reputation,1,yes,yes,yes,3,3.0696000000000074
403,0,0,yes,1,services,2,4,course,2,yes,yes,yes,4,3.475700000000025
404,0,0,yes,4,services,2,5,reputation,1,yes,yes,yes,8,3.630499999999973
405,1,0,no,5,at_home,1,3,home,2,no,no,yes,12,2.753599999999988
406,1,0,yes,3,other,1,2,home,1,no,yes,yes,1,3.0696000000000074
407,2,0,yes,5,other,3,2,reputation,1,yes,no,yes,1,2.8813999999999993
408,0,0,no,3,services,2,4,reputation,1,yes,yes,no,3,2.753599999999988
409,0,0,yes,2,other,2,5,reputation,1,yes,no,yes,4,3.475700000000025
410,0,0,yes,4,services,2,4,reputation,1,yes,yes,yes,3,3.7865999999999556
411,0,0,yes,4,health,3,2,reputation,1,no,yes,yes,2,3.475700000000025
412,0,0,yes,3,teacher,2,2,course,1,yes,yes,yes,1,3.7865999999999556
413,2,0,no,4,at_home,2,3,course,2,yes,yes,yes,10,2.5397000000000025
414,0,0,yes,3,other,3,2,reputation,2,no,no,yes,3,3.4567000000000245
415,1,0,yes,5,teacher,1,5,home,1,no,yes,yes,16,2.6274999999999995
416,0,0,yes,5,other,2,4,reputation,1,no,yes,yes,2,3.9566999999999948
417,0,0,yes,2,at_home,3,4,reputation,1,no,yes,yes,2,3.7865999999999556
418,0,0,yes,4,other,1,3,reputation,1,no,no,yes,20,3.4567000000000245
419,0,0,yes,4,other,1,4,reputation,1,no,no,yes,4,2.5397000000000025
420,0,0,yes,4,services,2,4,reputation,2,no,yes,yes,3,3.7865999999999556
421,1,0,yes,5,other,1,1,reputation,2,no,no,yes,1,2.403800000000029
422,0,0,yes,1,services,2,2,home,1,yes,yes,no,2,3.0696000000000074
423,0,0,no,5,at_home,1,3,other,2,no,yes,yes,3,2.753599999999988
424,0,0,yes,5,other,2,4,course,2,yes,yes,yes,1,3.0696000000000074
425,1,0,yes,2,at_home,1,3,other,1,no,yes,yes,1,2.6274999999999995
426,0,0,yes,5,at_home,1,4,course,2,no,yes,yes,6,2.7192999999999885
427,0,0,yes,5,at_home,2,2,course,2,no,no,yes,2,3.9566999999999948
428,0,0,no,1,at_home,1,4,home,2,no,no,yes,1,2.0212000000000065
429,0,0,yes,2,at_home,2,2,home,1,no,yes,yes,3,2.753599999999988
430,0,0,yes,5,other,3,3,other,1,no,no,yes,1,2.753599999999988
431,1,0,yes,5,at_home,2,4,course,1,no,no,yes,2,2.6274999999999995
432,1,0,no,5,other,1,4,other,1,no,yes,no,4,1.7322999999999935
433,0,0,yes,5,teacher,1,1,course,2,no,no,yes,15,3.4567000000000245
434,0,0,no,1,at_home,4,1,reputation,2,yes,no,no,1,2.6274999999999995
435,0,0,yes,4,at_home,2,3,reputation,2,no,yes,yes,2,2.6274999999999995
436,1,0,yes,2,other,1,3,course,2,no,yes,yes,2,1.7322999999999935
437,0,0,yes,2,other,1,3,other,2,yes,yes,yes,2,2.960799999999995
438,0,0,yes,3,other,1,5,course,2,no,yes,yes,3,2.8813999999999993
439,0,0,yes,4,other,1,3,course,2,no,no,no,1,3.7865999999999556
440,0,0,yes,3,at_home,2,5,home,2,yes,yes,yes,20,1.7322999999999935
441,0,0,yes,5,other,2,3,home,1,no,no,no,8,2.1876000000000246
442,0,0,yes,2,health,2,4,reputation,1,yes,yes,yes,2,3.2804000000000295
443,0,0,yes,2,health,2,4,reputation,1,yes,yes,yes,2,2.1876000000000246
444,0,0,yes,5,other,2,5,other,3,no,no,no,2,2.6274999999999995
445,0,0,yes,4,other,2,5,course,4,yes,yes,yes,8,2.1876000000000246
446,0,0,yes,5,at_home,2,3,reputation,1,yes,yes,yes,1,2.8813999999999993
447,0,0,no,3,other,1,5,other,3,yes,no,yes,25,2.2827000000000277
448,0,0,yes,4,teacher,3,2,course,2,yes,no,yes,1,3.9080999999999833
449,0,0,yes,1,other,1,2,course,2,no,no,yes,1,3.0696000000000074
450,0,0,yes,1,other,2,4,course,3,no,yes,yes,2,3.7431999999999626
451,0,0,yes,5,other,2,3,course,2,no,no,yes,1,2.753599999999988
452,0,0,yes,4,other,2,5,course,3,no,yes,yes,1,2.6274999999999995
453,1,0,yes,4,other,3,2,course,1,no,yes,yes,2,2.1876000000000246
454,1,0,yes,4,other,3,2,course,1,no,yes,yes,2,2.1876000000000246
455,0,0,yes,2,at_home,2,2,home,1,no,yes,no,9,2.403800000000029
456,0,0,yes,2,at_home,2,3,course,1,no,yes,no,2,3.475700000000025
457,0,0,yes,3,at_home,1,5,reputation,1,yes,yes,yes,25,2.753599999999988
458,0,0,yes,1,other,4,2,home,4,no,yes,no,1,3.0696000000000074
459,0,0,yes,5,at_home,3,3,other,4,no,yes,yes,1,2.5397000000000025
460,0,0,yes,2,at_home,2,3,home,2,yes,yes,yes,1,2.753599999999988
461,0,0,yes,2,at_home,1,2,other,2,yes,no,yes,12,3.2804000000000295
462,0,0,yes,2,at_home,2,1,course,3,no,yes,yes,2,3.4567000000000245
463,0,0,yes,5,other,3,3,other,1,no,yes,yes,4,3.0696000000000074
464,0,0,yes,5,at_home,1,4,other,2,yes,no,yes,12,2.8813999999999993
465,1,0,yes,5,other,2,4,course,1,yes,yes,yes,6,2.1876000000000246
466,0,0,yes,4,other,1,3,home,2,no,yes,yes,3,2.6274999999999995
467,0,0,yes,2,other,2,4,course,3,yes,yes,yes,1,3.4567000000000245
468,0,0,yes,4,health,1,3,reputation,3,no,no,yes,2,3.2752000000000288
469,0,0,yes,3,other,2,1,course,1,yes,yes,yes,1,3.2752000000000288
470,0,0,yes,1,services,2,4,reputation,1,no,yes,yes,1,3.0696000000000074
471,1,0,yes,5,at_home,2,4,course,2,yes,yes,no,6,2.960799999999995
472,0,0,yes,4,other,1,2,home,3,yes,yes,yes,1,3.630499999999973
473,0,0,yes,4,at_home,1,3,course,2,yes,yes,yes,6,2.403800000000029
474,0,0,yes,3,at_home,1,4,reputation,3,yes,yes,yes,15,2.753599999999988
475,0,0,yes,4,other,3,2,course,2,yes,yes,yes,1,3.2804000000000295
476,0,0,yes,5,other,1,3,home,1,no,yes,yes,1,2.1876000000000246
477,0,0,yes,3,services,1,3,course,2,yes,yes,no,8,2.8813999999999993
478,3,0,yes,1,at_home,2,3,course,2,no,yes,yes,1,1.7322999999999935
479,0,0,no,5,other,1,3,course,1,yes,yes,yes,1,2.403800000000029
480,1,0,no,2,at_home,1,4,course,1,no,no,yes,1,2.403800000000029
481,0,0,no,3,at_home,1,3,course,3,yes,yes,yes,1,2.6274999999999995
482,0,0,no,4,at_home,1,1,course,2,no,yes,yes,3,2.403800000000029
483,0,0,no,1,other,2,5,course,3,no,yes,yes,2,2.6274999999999995
484,0,0,no,1,other,1,4,home,1,no,yes,yes,2,1.7322999999999935
485,0,0,yes,4,at_home,2,5,course,2,no,yes,yes,2,2.753599999999988
486,1,0,yes,3,other,1,3,course,1,yes,yes,no,4,2.5397000000000025
487,2,0,no,2,other,3,2,course,2,no,yes,no,1,2.1876000000000246
488,1,0,no,3,at_home,3,1,course,1,yes,no,yes,1,2.1876000000000246
489,1,0,no,4,other,1,3,home,2,yes,no,yes,12,2.2827000000000277
490,1,0,no,2,at_home,1,3,course,2,no,no,no,1,2.6274999999999995
491,1,0,yes,1,other,2,4,course,2,no,yes,yes,4,2.1876000000000246
492,0,0,yes,3,health,2,2,course,1,no,no,no,1,2.403800000000029
493,0,0,yes,5,other,1,4,course,2,yes,no,no,15,2.403800000000029
494,0,0,no,3,at_home,2,5,course,1,yes,no,yes,3,2.1876000000000246
495,0,0,no,4,other,1,4,reputation,1,yes,no,yes,1,3.3987000000000243
496,0,0,yes,4,services,1,4,home,1,yes,yes,yes,4,3.475700000000025
497,1,0,yes,5,services,4,5,course,2,yes,yes,yes,12,2.7192999999999885
498,0,0,yes,1,other,2,3,course,1,yes,yes,yes,1,3.4567000000000245
499,0,0,yes,5,services,1,5,course,1,yes,yes,yes,2,3.9080999999999833
500,1,0,no,1,other,1,5,course,1,yes,yes,yes,25,1.7322999999999935
501,0,0,yes,5,other,1,5,course,1,yes,no,yes,5,3.2804000000000295
502,1,0,yes,3,services,4,5,other,3,no,yes,yes,15,2.2827000000000277
503,0,0,yes,5,other,4,1,course,1,yes,yes,yes,1,3.475700000000025
504,0,0,yes,1,other,3,5,home,1,no,no,yes,1,3.2752000000000288
505,0,0,yes,5,at_home,1,5,reputation,2,yes,yes,no,2,2.8813999999999993
506,1,0,yes,3,at_home,2,4,other,2,yes,no,yes,8,2.6274999999999995
507,0,0,yes,3,other,3,3,course,1,no,yes,yes,1,2.753599999999988
508,1,0,yes,5,other,1,5,course,3,no,yes,no,2,2.403800000000029
509,0,0,yes,1,at_home,2,2,course,3,no,yes,yes,1,3.9566999999999948
510,0,0,yes,1,other,2,2,reputation,2,yes,yes,yes,1,3.9080999999999833
511,0,0,yes,4,other,2,5,other,2,no,no,yes,1,2.6274999999999995
512,1,0,yes,5,at_home,2,2,other,1,no,yes,yes,1,1.7322999999999935
513,0,0,yes,1,other,1,3,course,1,yes,no,yes,3,1.7322999999999935
514,0,0,yes,3,services,1,3,course,1,no,no,yes,4,1.7322999999999935
515,0,0,yes,3,other,2,5,reputation,2,no,no,yes,4,2.2827000000000277
516,0,0,yes,2,health,2,3,reputation,1,yes,no,no,6,3.7865999999999556
517,0,0,yes,2,other,1,5,reputation,2,yes,no,yes,4,3.475700000000025
518,1,0,yes,1,other,2,2,reputation,1,no,yes,yes,3,1.7322999999999935
519,0,0,yes,2,other,2,1,reputation,2,yes,no,yes,1,1.7322999999999935
520,0,0,yes,5,at_home,2,2,other,3,no,yes,yes,3,1.7322999999999935
521,0,0,yes,2,at_home,2,3,other,2,yes,yes,yes,1,2.403800000000029
522,0,0,yes,3,health,2,4,course,1,no,yes,yes,2,2.1876000000000246
523,0,0,no,5,at_home,4,5,home,1,yes,yes,yes,25,1.1637999999999862
524,0,0,yes,2,at_home,2,1,other,3,no,yes,no,1,2.1876000000000246
525,0,0,yes,5,other,3,3,home,1,no,yes,yes,2,3.7431999999999626
526,0,0,yes,5,other,1,3,other,1,no,no,yes,2,3.4567000000000245
527,0,0,yes,3,services,3,3,other,4,no,no,yes,4,2.5397000000000025
528,0,0,yes,5,at_home,1,3,other,1,no,yes,yes,2,2.2827000000000277
529,0,0,yes,5,services,1,3,other,2,no,yes,yes,2,2.8813999999999993
530,0,0,yes,3,services,1,4,home,1,yes,yes,yes,25,2.1876000000000246
531,0,0,yes,1,at_home,2,3,other,3,no,no,yes,9,2.6274999999999995
532,0,0,yes,5,health,2,2,other,2,no,no,no,4,2.1876000000000246
533,0,0,yes,3,other,2,2,other,1,no,no,yes,1,3.7431999999999626
534,0,0,yes,5,teacher,1,2,other,1,no,yes,yes,10,2.960799999999995
535,0,0,yes,5,other,2,5,course,3,yes,yes,yes,3,2.6274999999999995
536,0,0,yes,5,other,4,5,reputation,3,yes,yes,yes,6,3.4567000000000245
537,0,0,yes,5,services,1,3,course,1,yes,no,yes,2,3.0696000000000074
538,0,0,yes,5,other,3,3,course,1,no,yes,no,4,2.8813999999999993
539,0,0,yes,1,other,2,4,home,2,yes,yes,yes,4,2.5397000000000025
540,0,0,yes,1,at_home,1,3,home,2,no,no,yes,4,2.7192999999999885
541,0,0,yes,5,other,2,3,other,2,no,no,yes,1,2.7192999999999885
542,0,0,yes,5,teacher,3,5,course,2,no,yes,yes,4,2.8813999999999993
543,3,0,yes,5,health,1,3,course,3,yes,no,yes,3,2.1876000000000246
544,0,0,yes,5,other,1,2,course,2,yes,no,yes,9,2.960799999999995
545,1,0,yes,5,services,2,4,other,1,yes,yes,no,12,2.1876000000000246
546,0,0,yes,5,health,2,5,course,1,no,yes,yes,1,3.630499999999973
547,0,0,yes,2,other,1,2,other,1,no,no,yes,2,2.753599999999988
548,0,0,yes,3,at_home,2,5,other,1,yes,no,yes,2,2.753599999999988
549,0,0,yes,5,other,2,3,course,2,no,yes,no,6,3.9566999999999948
550,0,0,yes,5,other,2,2,course,2,no,yes,no,4,3.2752000000000288
551,0,0,yes,1,other,2,2,other,2,no,yes,yes,4,3.3987000000000243
552,2,0,no,4,other,2,3,other,1,yes,yes,yes,12,2.403800000000029
553,0,0,yes,5,other,1,2,home,1,no,no,yes,1,2.938699999999997
554,0,0,no,4,at_home,1,5,course,2,yes,yes,yes,4,2.7192999999999885
555,0,0,yes,3,other,3,4,home,1,no,yes,no,1,3.3987000000000243
556,0,0,yes,5,other,1,4,course,1,no,no,yes,8,2.6274999999999995
557,3,0,yes,5,other,2,4,course,2,yes,yes,no,1,2.1876000000000246
558,0,0,no,5,other,1,5,course,2,yes,no,yes,15,2.7192999999999885
559,1,0,yes,4,at_home,1,2,course,3,no,yes,yes,1,3.0696000000000074
560,0,0,yes,2,other,1,5,course,2,yes,yes,no,3,2.5397000000000025
561,0,0,yes,5,at_home,2,3,course,2,yes,yes,yes,4,2.5397000000000025
562,0,0,yes,1,other,2,3,course,1,yes,no,yes,1,3.0696000000000074
563,1,0,yes,5,other,1,1,course,1,yes,no,yes,6,1.7322999999999935
564,0,0,yes,5,services,1,5,course,2,no,no,yes,6,2.6274999999999995
565,0,0,yes,5,at_home,1,5,course,2,yes,no,yes,8,2.5397000000000025
566,1,0,no,5,services,1,3,course,2,no,yes,yes,6,2.1876000000000246
567,1,0,no,5,services,1,1,course,1,no,no,yes,4,0.4142000000000006
568,3,0,yes,3,at_home,1,1,course,2,yes,no,yes,1,2.1876000000000246
569,2,0,no,3,at_home,2,5,course,1,yes,yes,yes,3,1.7322999999999935
570,0,0,yes,4,services,1,3,course,2,yes,yes,yes,8,2.0212000000000065
571,3,0,no,5,at_home,1,3,course,2,yes,no,no,3,2.1876000000000246
572,2,0,yes,1,services,2,5,course,2,yes,yes,yes,1,1.1637999999999862
573,0,0,yes,5,other,1,2,course,1,yes,yes,yes,2,2.1876000000000246
574,1,0,no,4,other,1,3,course,2,no,yes,yes,8,2.5397000000000025
575,0,0,yes,2,services,1,4,course,1,no,yes,yes,12,2.7192999999999885
576,0,0,yes,5,other,1,5,course,2,no,yes,no,25,2.6274999999999995
577,1,0,yes,2,other,2,4,home,3,no,no,yes,9,2.6274999999999995
578,1,0,yes,3,health,2,4,course,2,no,yes,yes,6,2.2827000000000277
579,0,0,no,3,at_home,1,3,course,1,no,no,yes,6,2.403800000000029
580,1,0,yes,5,other,1,4,home,3,no,yes,yes,9,2.2827000000000277
581,2,0,yes,5,at_home,2,3,course,2,no,yes,yes,1,1.7322999999999935
582,0,0,no,5,at_home,1,4,course,1,no,yes,yes,1,1.7322999999999935
583,1,0,no,3,other,1,5,other,2,no,no,yes,1,1.7322999999999935
584,0,0,yes,5,at_home,1,3,course,2,no,yes,yes,1,2.753599999999988
585,0,0,no,3,other,3,3,course,2,no,yes,yes,4,2.0212000000000065
586,0,0,yes,5,teacher,2,5,home,1,yes,yes,yes,3,2.1876000000000246
587,1,0,yes,4,services,2,3,course,1,yes,yes,yes,2,1.7322999999999935
588,0,0,yes,5,health,1,2,course,1,no,yes,yes,1,2.2827000000000277
589,0,0,yes,3,at_home,1,1,course,1,no,no,yes,1,2.2827000000000277
590,2,0,yes,5,other,2,4,course,3,yes,no,yes,4,1.7322999999999935
591,0,0,yes,1,services,2,5,reputation,2,yes,no,no,1,3.2804000000000295
592,0,0,yes,4,services,1,3,course,2,no,yes,yes,1,3.0696000000000074
593,0,0,yes,4,at_home,2,3,reputation,2,no,no,yes,2,3.2804000000000295
594,0,0,yes,1,teacher,2,5,reputation,2,yes,no,no,2,3.9566999999999948
595,0,0,yes,5,services,1,5,reputation,1,yes,yes,yes,1,3.9566999999999948
596,0,0,yes,4,other,2,3,course,2,no,yes,yes,2,3.9566999999999948
597,1,0,yes,4,at_home,2,3,course,3,yes,no,yes,1,2.2827000000000277
598,0,0,yes,1,at_home,1,4,home,2,no,yes,no,25,2.753599999999988
599,0,0,yes,1,at_home,1,5,other,3,yes,yes,yes,1,3.2804000000000295
600,0,0,no,4,other,1,3,other,3,no,no,no,12,3.2804000000000295
601,0,0,yes,2,other,2,1,course,2,no,yes,no,1,2.1876000000000246
602,0,0,yes,3,services,3,5,course,2,no,no,yes,4,3.0696000000000074
603,0,0,yes,5,teacher,2,1,reputation,1,yes,no,yes,1,1.1637999999999862
604,1,0,no,2,at_home,2,2,course,3,no,no,yes,2,2.5397000000000025
605,1,0,no,2,at_home,1,5,other,2,no,no,yes,6,1.1637999999999862
606,0,0,yes,5,teacher,4,3,course,2,no,no,yes,3,3.9566999999999948
607,0,0,yes,2,services,2,3,reputation,2,yes,no,yes,2,2.938699999999997
608,0,0,yes,3,at_home,2,3,course,1,no,no,yes,2,2.5397000000000025
609,0,0,no,4,at_home,2,1,course,2,no,yes,yes,1,2.938699999999997
610,3,0,no,1,at_home,2,4,course,2,yes,yes,yes,4,2.1876000000000246
611,0,0,yes,4,services,3,1,home,2,no,no,yes,1,3.475700000000025
612,1,0,yes,2,services,2,5,home,2,yes,yes,no,3,2.753599999999988
613,0,0,yes,5,services,2,4,course,1,no,yes,yes,1,2.6274999999999995
614,0,0,yes,5,teacher,2,3,other,2,yes,yes,yes,2,3.0696000000000074
615,0,0,yes,5,services,2,3,reputation,2,no,no,yes,2,3.630499999999973
616,0,0,yes,3,other,1,2,home,2,no,no,no,2,3.4567000000000245
617,0,0,yes,4,at_home,3,2,course,2,no,no,yes,1,3.9566999999999948
618,0,0,yes,5,at_home,2,4,course,3,no,no,yes,4,3.7865999999999556
619,0,0,yes,3,services,2,2,other,2,no,yes,yes,3,3.2752000000000288
620,0,0,yes,1,at_home,2,4,course,1,yes,yes,yes,1,3.630499999999973
621,0,0,yes,3,other,2,2,course,2,no,no,no,2,3.2804000000000295
622,0,0,yes,3,at_home,2,4,course,2,no,yes,yes,8,2.2827000000000277
623,0,0,yes,5,teacher,3,2,other,2,no,no,yes,4,3.7865999999999556
624,1,0,yes,1,other,1,1,reputation,3,no,yes,yes,2,2.1876000000000246
625,0,0,yes,4,at_home,1,3,course,2,no,yes,yes,2,2.6274999999999995
626,0,0,yes,5,other,2,2,other,3,no,yes,no,8,1.7322999999999935
627,0,0,no,3,at_home,1,3,other,3,yes,yes,yes,6,2.5397000000000025
628,0,0,yes,3,other,3,3,home,1,yes,no,yes,1,2.8813999999999993
629,0,0,yes,1,other,1,5,course,1,yes,no,yes,3,2.1876000000000246
630,0,0,yes,1,other,3,4,reputation,2,no,no,yes,1,3.9080999999999833
631,0,0,yes,4,other,3,2,home,4,no,no,yes,2,2.8813999999999993
632,1,0,yes,3,at_home,2,3,course,2,no,yes,yes,1,2.1876000000000246
633,0,0,yes,2,teacher,2,3,course,1,yes,no,yes,12,3.4567000000000245
634,0,0,yes,1,other,2,3,home,1,no,no,yes,2,3.7865999999999556
635,0,0,yes,1,at_home,2,4,reputation,1,yes,yes,no,6,2.1876000000000246
636,0,0,yes,2,teacher,2,4,home,1,yes,no,no,4,3.9566999999999948
637,0,0,yes,5,other,1,3,other,2,yes,no,no,3,1.7322999999999935
638,0,0,yes,3,other,2,3,home,2,yes,no,yes,1,3.7431999999999626
639,1,0,yes,5,other,1,2,other,2,no,no,yes,3,1.7322999999999935
640,1,0,yes,3,other,1,3,home,2,no,no,yes,12,1.7322999999999935
641,0,0,yes,4,at_home,3,3,other,2,no,no,yes,3,3.7865999999999556
642,0,0,yes,1,teacher,2,4,other,2,no,no,yes,1,2.1876000000000246
643,0,0,yes,5,teacher,1,3,reputation,3,yes,yes,yes,4,2.1876000000000246
644,1,0,yes,5,services,3,2,course,1,yes,no,no,2,2.7192999999999885
645,0,0,yes,1,teacher,2,4,course,1,no,yes,yes,1,3.7865999999999556
646,0,0,yes,5,other,2,1,course,2,yes,no,yes,1,2.753599999999988
647,0,0,yes,2,services,1,5,course,2,no,no,no,12,2.6274999999999995
648,0,0,yes,5,services,1,1,course,3,no,no,no,12,2.753599999999988
649,0,1,yes,3,at_home,2,4,course,2,no,no,yes,1,1.1637999999999862
650,0,1,yes,3,at_home,2,3,course,1,no,yes,no,1,1.1637999999999862
651,3,1,yes,3,at_home,2,2,other,1,no,no,yes,6,2.1876000000000246
652,0,1,yes,5,health,3,2,home,1,yes,yes,yes,1,3.630499999999973
653,0,1,yes,5,other,2,2,home,1,no,yes,yes,2,2.1876000000000246
654,0,1,yes,5,services,2,2,reputation,1,yes,yes,yes,2,3.7431999999999626
655,0,1,yes,3,other,2,4,home,1,no,no,yes,1,2.960799999999995
656,0,1,yes,1,other,2,4,home,2,no,yes,yes,1,1.1637999999999862
657,0,1,yes,1,services,2,2,home,1,no,yes,yes,1,3.9566999999999948
658,0,1,yes,5,other,2,1,home,1,yes,yes,yes,1,3.630499999999973
659,0,1,yes,2,teacher,2,3,reputation,1,no,yes,yes,2,2.2827000000000277
660,0,1,yes,4,services,3,2,reputation,3,yes,yes,yes,1,2.938699999999997
661,0,1,yes,5,health,1,3,course,1,yes,yes,yes,3,3.475700000000025
662,0,1,yes,3,teacher,2,3,course,2,no,yes,yes,2,2.7192999999999885
663,0,1,yes,3,other,3,2,home,1,no,yes,yes,1,3.7865999999999556
664,0,1,yes,2,health,1,4,home,1,no,yes,yes,2,3.475700000000025
665,0,1,yes,2,services,3,3,reputation,1,yes,yes,yes,2,3.4567000000000245
666,0,1,yes,4,other,2,2,reputation,3,yes,yes,yes,1,2.403800000000029
667,3,1,yes,5,services,1,5,course,1,yes,yes,yes,8,1.1637999999999862
668,0,1,yes,5,health,1,3,home,1,yes,no,yes,3,2.403800000000029
669,0,1,yes,1,teacher,2,1,reputation,1,no,no,yes,1,3.475700000000025
670,0,1,yes,5,health,1,2,other,1,no,yes,yes,1,3.475700000000025
671,0,1,yes,5,teacher,2,1,course,1,yes,no,yes,3,3.7865999999999556
672,0,1,yes,5,other,2,4,reputation,2,yes,yes,yes,8,3.2752000000000288
673,0,1,yes,5,services,3,2,course,1,yes,yes,yes,1,2.2827000000000277
674,2,1,yes,5,services,1,2,home,1,no,yes,no,3,2.0212000000000065
675,0,1,yes,5,other,1,2,home,1,no,yes,yes,2,2.960799999999995
676,0,1,yes,1,health,1,4,other,1,no,no,yes,8,3.7865999999999556
677,0,1,yes,5,services,2,3,home,1,yes,yes,yes,1,2.8813999999999993
678,0,1,yes,5,teacher,2,5,home,1,yes,yes,yes,25,2.8813999999999993
679,0,1,yes,5,health,2,2,home,1,no,yes,no,12,2.753599999999988
680,0,1,yes,5,services,2,1,reputation,2,yes,yes,yes,1,3.9566999999999948
681,0,1,yes,5,teacher,2,2,course,1,yes,yes,yes,1,3.9080999999999833
682,0,1,yes,2,other,2,2,course,1,yes,no,no,1,2.6274999999999995
683,0,1,yes,5,other,1,3,home,1,no,yes,no,1,3.4567000000000245
684,0,1,yes,5,other,1,1,other,2,yes,yes,yes,1,1.7322999999999935
685,0,1,yes,4,teacher,3,3,home,1,yes,yes,yes,1,3.9080999999999833
686,0,1,yes,5,other,3,3,reputation,2,yes,yes,yes,1,3.7865999999999556
687,0,1,yes,5,services,3,2,course,1,yes,yes,yes,1,2.960799999999995
688,0,1,yes,2,at_home,1,1,reputation,1,yes,yes,yes,1,3.3987000000000243
689,1,1,yes,3,other,2,3,home,2,yes,yes,no,2,2.403800000000029
690,0,1,yes,5,teacher,1,3,home,1,no,yes,no,8,3.0696000000000074
691,0,1,yes,5,services,2,3,course,1,yes,yes,yes,1,3.9566999999999948
692,0,1,yes,1,services,1,1,course,1,no,yes,yes,1,2.2827000000000277
693,1,1,yes,5,other,2,3,course,2,yes,no,yes,4,2.5397000000000025
694,0,1,yes,5,other,2,2,course,1,yes,yes,yes,1,1.7322999999999935
695,0,1,yes,3,other,2,5,home,1,no,yes,yes,4,2.938699999999997
696,0,1,yes,2,health,4,2,reputation,1,yes,no,yes,1,3.9566999999999948
697,0,1,yes,5,teacher,2,3,home,1,no,yes,yes,4,3.630499999999973
698,1,1,yes,3,services,2,4,other,1,yes,yes,no,1,1.7322999999999935
699,0,1,yes,4,services,2,3,course,3,no,yes,yes,6,3.2752000000000288
700,0,1,yes,5,health,2,3,other,1,no,yes,yes,1,3.0696000000000074
701,1,1,yes,5,health,1,5,other,2,no,no,yes,12,2.753599999999988
702,0,1,yes,5,services,1,4,course,1,no,yes,yes,6,2.5397000000000025
703,0,1,yes,1,other,1,4,other,1,no,no,yes,16,3.0696000000000074
704,0,1,yes,2,other,2,4,other,1,yes,no,yes,1,2.2827000000000277
705,0,1,yes,1,services,2,2,reputation,1,yes,yes,yes,1,3.630499999999973
706,0,1,yes,5,teacher,2,2,reputation,1,yes,yes,yes,1,3.630499999999973
707,0,1,yes,5,other,2,2,home,1,yes,yes,yes,1,2.403800000000029
708,0,1,yes,5,services,2,3,course,1,no,yes,yes,1,3.7865999999999556
709,0,1,yes,4,health,2,4,other,1,yes,yes,yes,6,2.753599999999988
710,0,1,yes,5,services,1,5,course,4,yes,yes,no,25,2.5397000000000025
711,0,1,yes,1,other,2,3,reputation,1,yes,no,yes,1,2.2827000000000277
712,0,1,yes,4,teacher,3,4,home,1,yes,yes,yes,8,2.403800000000029
713,0,1,yes,2,services,2,4,reputation,1,yes,no,yes,8,2.6274999999999995
714,0,1,yes,1,teacher,2,3,course,3,yes,yes,yes,2,3.7865999999999556
715,0,1,yes,3,other,4,3,reputation,1,yes,yes,no,25,3.2752000000000288
716,0,1,yes,5,services,4,3,course,1,no,yes,yes,2,1.7322999999999935
717,0,1,yes,4,health,2,3,reputation,2,no,yes,yes,3,2.1876000000000246
718,0,1,yes,3,other,4,2,reputation,2,no,yes,no,6,3.7865999999999556
719,0,1,yes,5,other,4,2,reputation,2,no,yes,yes,1,3.475700000000025
720,0,1,yes,3,other,4,3,course,1,no,no,yes,1,2.6274999999999995
721,2,1,yes,5,other,2,4,reputation,1,no,yes,no,8,1.7322999999999935
722,0,1,yes,5,other,1,2,reputation,1,yes,no,yes,4,3.2752000000000288
723,0,1,yes,5,other,2,3,home,1,yes,yes,yes,8,2.938699999999997
724,0,1,yes,5,teacher,2,3,home,1,yes,yes,yes,6,2.403800000000029
725,0,1,yes,1,teacher,4,3,course,2,yes,no,yes,1,2.753599999999988
726,0,1,yes,3,other,4,3,reputation,1,no,no,yes,3,2.8813999999999993
727,3,1,no,3,other,1,1,home,2,yes,yes,yes,1,2.1876000000000246
728,0,1,yes,3,at_home,2,3,course,1,no,yes,yes,2,1.1637999999999862
729,0,1,yes,3,other,1,2,course,1,yes,yes,no,3,2.938699999999997
730,0,1,yes,5,other,3,2,home,1,no,no,no,2,2.753599999999988
731,0,1,yes,5,services,2,4,reputation,1,no,yes,yes,1,1.7322999999999935
732,0,1,yes,4,services,2,3,home,2,yes,no,yes,3,3.7431999999999626
733,0,1,yes,4,other,2,2,home,1,yes,yes,no,6,2.5397000000000025
734,2,1,yes,5,services,2,4,reputation,2,no,no,yes,6,2.1876000000000246
735,0,1,yes,2,at_home,2,4,course,1,no,yes,yes,2,1.7322999999999935
736,0,1,yes,1,other,3,3,reputation,1,yes,yes,yes,3,3.4567000000000245
737,1,1,yes,3,services,2,2,reputation,2,yes,no,no,1,2.7192999999999885
738,0,1,yes,5,teacher,2,3,reputation,1,no,yes,yes,15,1.7322999999999935
739,0,1,yes,4,other,3,3,home,1,no,yes,yes,3,1.7322999999999935
740,0,1,yes,1,services,1,5,reputation,1,yes,no,yes,3,3.9566999999999948
741,0,1,yes,2,other,2,3,home,1,no,yes,yes,6,1.7322999999999935
742,0,1,yes,1,teacher,2,3,home,2,yes,yes,yes,1,2.7192999999999885
743,0,1,yes,4,services,4,4,reputation,1,yes,yes,yes,1,3.2752000000000288
744,1,1,yes,1,at_home,4,2,home,2,yes,yes,yes,1,2.2827000000000277
745,0,1,yes,4,services,1,3,reputation,2,yes,yes,no,1,3.4567000000000245
746,0,1,yes,5,other,2,5,course,1,no,yes,yes,1,2.2827000000000277
747,0,1,yes,1,other,1,4,reputation,1,yes,no,no,2,3.2804000000000295
748,0,1,yes,3,other,3,5,course,1,no,yes,yes,1,2.1876000000000246
749,0,1,yes,4,services,1,5,other,1,yes,yes,yes,25,1.7322999999999935
750,0,1,yes,4,services,3,3,other,1,yes,yes,yes,1,3.9566999999999948
751,0,1,yes,5,services,1,3,course,1,yes,yes,no,1,3.0696000000000074
752,0,1,yes,2,services,2,5,home,2,no,yes,yes,1,1.7322999999999935
753,0,1,yes,1,services,2,4,course,1,yes,yes,yes,1,3.9566999999999948
754,0,1,yes,4,other,4,3,reputation,1,no,no,yes,1,2.753599999999988
755,0,1,yes,3,other,4,2,course,1,no,yes,yes,1,2.0212000000000065
756,0,1,yes,5,services,3,3,home,1,yes,yes,yes,1,3.9566999999999948
757,0,1,yes,1,other,4,5,home,4,yes,yes,yes,15,3.0696000000000074
758,0,1,yes,4,health,3,5,other,1,yes,yes,yes,1,3.7431999999999626
759,0,1,yes,4,teacher,1,3,course,1,yes,no,yes,1,3.9566999999999948
760,1,1,yes,2,services,3,2,reputation,1,yes,yes,yes,1,2.2827000000000277
761,1,1,yes,5,at_home,2,2,home,1,yes,no,yes,1,3.0696000000000074
762,0,1,yes,3,teacher,1,2,course,1,no,no,yes,1,3.9566999999999948
763,0,1,yes,5,health,2,2,reputation,1,yes,no,yes,1,2.2827000000000277
764,0,1,yes,5,teacher,2,4,course,1,yes,yes,yes,2,3.7865999999999556
765,0,1,yes,2,other,2,3,reputation,2,yes,yes,yes,1,3.2752000000000288
766,0,1,yes,5,other,1,2,home,2,yes,no,yes,1,3.3987000000000243
767,1,1,yes,5,other,2,4,course,3,yes,yes,yes,4,2.1876000000000246
768,0,1,yes,4,other,1,3,reputation,1,no,no,yes,2,3.3987000000000243
769,0,1,yes,1,at_home,2,3,course,1,no,no,no,2,3.7865999999999556
770,0,1,yes,5,services,4,4,home,1,yes,yes,yes,2,3.7431999999999626
771,0,1,yes,5,other,2,2,course,2,yes,yes,yes,2,3.2804000000000295
772,0,1,yes,5,health,1,4,course,1,yes,yes,yes,4,3.2752000000000288
773,0,1,yes,5,other,2,4,home,1,no,no,yes,1,2.0212000000000065
774,0,1,yes,5,services,1,5,home,1,no,no,yes,6,3.2752000000000288
775,0,1,yes,1,other,2,2,home,1,yes,no,yes,1,2.403800000000029
776,3,1,no,5,at_home,2,2,course,1,no,yes,no,1,2.1876000000000246
777,2,1,yes,4,services,1,3,reputation,1,yes,yes,yes,2,1.1637999999999862
778,0,1,yes,4,teacher,1,5,course,1,yes,no,yes,10,3.9566999999999948
779,2,1,yes,5,services,3,2,course,2,no,yes,yes,4,3.0696000000000074
780,0,1,yes,4,at_home,1,3,course,3,yes,yes,no,2,2.1876000000000246
781,0,1,yes,5,other,1,4,course,1,no,yes,yes,3,2.960799999999995
782,0,1,yes,5,services,1,1,course,1,no,no,yes,4,2.938699999999997
783,0,1,yes,5,at_home,2,3,course,4,no,yes,yes,1,2.2827000000000277
784,0,1,yes,5,services,3,3,course,1,yes,yes,yes,1,2.8813999999999993
785,0,1,yes,5,at_home,2,5,course,3,no,no,yes,8,2.6274999999999995
786,2,1,yes,5,other,1,2,course,2,yes,yes,no,1,0.4142000000000006
787,1,1,yes,5,services,2,4,course,1,no,no,yes,3,3.2752000000000288
788,0,1,yes,5,teacher,1,2,course,2,yes,no,yes,1,3.7865999999999556
789,0,1,yes,3,teacher,4,2,course,2,no,yes,yes,1,2.1876000000000246
790,2,1,yes,2,services,1,3,reputation,2,yes,yes,yes,4,2.2827000000000277
791,0,1,yes,5,teacher,3,2,course,1,yes,yes,yes,1,2.7192999999999885
792,0,1,yes,1,at_home,1,4,course,1,no,no,yes,9,3.4567000000000245
793,3,1,yes,5,other,1,5,home,1,no,yes,yes,2,1.1637999999999862
794,0,1,yes,5,other,2,2,course,1,no,yes,yes,2,2.6274999999999995
795,3,1,yes,3,health,2,2,home,1,no,yes,yes,1,1.7322999999999935
796,0,1,yes,5,at_home,2,2,course,1,no,yes,no,1,2.753599999999988
797,0,1,no,5,teacher,1,2,course,1,no,yes,yes,2,1.7322999999999935
798,3,1,yes,5,services,1,5,course,4,no,no,yes,10,2.2827000000000277
799,3,1,no,4,other,1,5,course,1,no,no,yes,10,1.1637999999999862
800,1,1,yes,5,at_home,1,4,course,1,yes,no,yes,15,3.2804000000000295
801,2,1,yes,3,services,3,1,reputation,2,yes,yes,yes,6,2.6274999999999995
802,3,1,no,4,services,1,4,home,1,no,yes,yes,1,1.1637999999999862
803,0,1,yes,4,other,1,1,course,1,no,yes,yes,1,2.938699999999997
804,0,1,yes,1,at_home,2,4,course,1,yes,no,yes,1,2.2827000000000277
805,0,1,yes,5,other,1,2,reputation,1,no,no,yes,9,3.4567000000000245
806,3,1,yes,4,at_home,1,5,course,3,yes,yes,no,5,2.2827000000000277
807,0,1,yes,3,at_home,1,2,course,3,no,no,no,2,3.7865999999999556
808,1,1,yes,5,other,2,5,course,1,no,yes,yes,16,2.938699999999997
809,2,1,no,5,at_home,1,2,course,2,yes,no,yes,4,1.7322999999999935
810,2,1,yes,3,other,2,4,course,2,no,yes,yes,4,1.7322999999999935
811,1,1,yes,5,other,1,4,course,2,yes,no,yes,8,1.7322999999999935
812,0,1,no,2,at_home,1,3,course,1,no,no,yes,4,2.6274999999999995
813,3,1,no,5,other,2,5,course,4,yes,no,yes,5,1.7322999999999935
814,1,1,no,2,services,1,2,course,2,yes,yes,no,1,2.960799999999995
815,0,1,no,4,other,2,5,course,1,no,no,yes,8,2.6274999999999995
816,0,1,yes,3,health,2,3,home,1,no,no,yes,1,3.7431999999999626
817,0,1,yes,4,other,2,5,home,1,no,yes,no,1,1.7322999999999935
818,0,1,yes,3,health,2,2,reputation,1,no,yes,yes,1,3.475700000000025
819,2,1,yes,2,other,1,5,course,3,yes,yes,no,8,1.1637999999999862
820,0,1,yes,3,other,2,2,reputation,2,yes,yes,yes,1,3.630499999999973
821,0,1,yes,5,teacher,2,4,reputation,1,yes,yes,yes,3,2.938699999999997
822,3,1,yes,3,at_home,2,5,home,1,yes,no,no,1,1.7322999999999935
823,0,1,yes,4,other,2,5,reputation,2,yes,yes,yes,1,2.6274999999999995
824,0,1,yes,4,teacher,2,4,course,2,yes,no,yes,16,2.403800000000029
825,0,1,yes,5,services,2,4,reputation,2,yes,no,no,4,3.0696000000000074
826,0,1,yes,4,other,2,4,reputation,1,yes,no,no,4,1.1637999999999862
827,0,1,yes,3,teacher,1,3,other,1,yes,yes,yes,12,2.2827000000000277
828,0,1,yes,2,other,2,3,course,1,yes,yes,yes,1,2.7192999999999885
829,0,1,yes,3,teacher,2,3,home,1,yes,yes,yes,6,2.1876000000000246
830,0,1,yes,3,services,2,3,home,1,yes,no,yes,2,3.0696000000000074
831,0,1,yes,5,services,2,2,reputation,1,yes,yes,yes,6,3.9566999999999948
832,0,1,yes,1,other,2,3,reputation,1,yes,yes,yes,6,2.1876000000000246
833,0,1,yes,1,other,2,2,reputation,1,no,yes,yes,2,3.0696000000000074
834,0,1,yes,4,services,2,4,other,1,yes,yes,yes,6,2.960799999999995
835,0,1,yes,3,services,1,3,other,1,yes,yes,yes,2,2.938699999999997
836,0,1,yes,5,other,2,3,course,1,yes,no,yes,2,3.7431999999999626
837,0,1,yes,3,health,2,3,reputation,1,no,yes,no,3,2.1876000000000246
838,0,1,yes,3,at_home,2,3,home,1,no,no,yes,5,2.2827000000000277
839,0,1,yes,2,services,2,3,course,1,no,no,yes,1,3.0696000000000074
840,0,1,yes,3,at_home,2,3,course,1,yes,no,yes,1,2.1876000000000246
841,0,1,yes,5,at_home,2,4,other,2,yes,no,no,20,2.0212000000000065
842,0,1,yes,5,services,1,2,reputation,1,yes,yes,yes,12,2.2827000000000277
843,0,1,yes,3,other,1,3,home,2,no,no,yes,1,3.4567000000000245
844,0,1,yes,5,services,2,2,course,1,yes,no,yes,1,3.630499999999973
845,0,1,yes,5,services,1,3,home,1,no,no,yes,2,3.7865999999999556
846,0,1,yes,3,teacher,1,4,home,3,yes,yes,yes,15,2.403800000000029
847,1,1,yes,2,services,1,4,home,2,no,yes,yes,6,3.9566999999999948
848,0,1,yes,3,teacher,2,2,reputation,1,no,yes,yes,2,2.403800000000029
849,0,1,yes,2,health,2,5,home,1,yes,yes,yes,5,3.7865999999999556
850,0,1,yes,4,other,2,3,reputation,1,yes,yes,yes,3,2.403800000000029
851,0,1,yes,1,other,2,4,course,1,no,yes,no,3,2.403800000000029
852,0,1,yes,3,other,1,2,reputation,1,no,yes,yes,2,1.7322999999999935
853,0,1,yes,5,services,4,5,reputation,2,yes,yes,no,1,2.7192999999999885
854,1,1,yes,5,at_home,3,3,home,1,no,yes,yes,12,2.403800000000029
855,3,1,yes,4,services,2,3,course,1,no,yes,yes,4,1.7322999999999935
856,0,1,yes,1,teacher,2,2,other,1,yes,no,yes,1,3.0696000000000074
857,0,1,yes,5,at_home,1,2,home,2,no,yes,yes,4,2.403800000000029
858,0,1,yes,4,teacher,3,2,reputation,2,yes,yes,yes,1,1.7322999999999935
859,0,1,yes,3,other,4,3,reputation,1,yes,yes,yes,2,2.1876000000000246
860,0,1,yes,3,services,2,5,home,1,no,yes,yes,20,3.0696000000000074
861,0,1,yes,4,other,2,4,reputation,1,no,yes,yes,1,3.2804000000000295
862,1,1,yes,5,services,2,4,home,1,yes,yes,yes,8,1.7322999999999935
863,0,1,yes,3,services,1,1,other,1,no,yes,yes,2,2.403800000000029
864,0,1,yes,1,other,2,4,reputation,2,no,no,yes,3,3.630499999999973
865,2,1,yes,1,other,2,5,reputation,1,no,no,yes,8,1.1637999999999862
866,1,1,yes,4,services,2,4,home,1,no,yes,yes,8,1.7322999999999935
867,0,1,yes,3,at_home,1,3,home,2,no,yes,yes,4,1.7322999999999935
868,0,1,yes,4,at_home,3,3,course,1,yes,yes,yes,1,2.5397000000000025
869,0,1,yes,5,at_home,2,5,reputation,2,yes,yes,yes,2,1.7322999999999935
870,1,1,yes,5,at_home,3,4,reputation,1,yes,yes,yes,1,1.1637999999999862
871,0,1,yes,3,services,2,1,other,1,no,no,yes,1,3.9080999999999833
872,0,1,yes,4,other,2,3,home,2,no,yes,yes,25,3.2752000000000288
873,0,1,yes,5,teacher,3,2,home,1,yes,yes,no,1,3.3987000000000243
874,1,1,yes,4,other,2,3,reputation,1,yes,no,yes,1,2.1876000000000246
875,0,1,yes,3,other,2,4,course,1,yes,no,no,3,3.7865999999999556
876,0,1,yes,3,services,2,3,reputation,1,no,yes,no,3,2.960799999999995
877,0,1,yes,3,at_home,2,2,course,4,yes,yes,yes,20,2.2827000000000277
878,0,1,yes,3,other,3,3,course,2,yes,no,yes,2,2.938699999999997
879,0,1,yes,3,health,2,3,reputation,1,yes,no,yes,2,3.3987000000000243
880,0,1,yes,1,other,2,2,course,2,yes,yes,yes,1,2.8813999999999993
881,0,1,yes,2,teacher,2,5,reputation,1,yes,yes,yes,3,2.5397000000000025
882,0,1,yes,1,health,2,4,reputation,1,yes,yes,yes,8,3.3987000000000243
883,0,1,yes,5,other,2,2,home,2,no,yes,yes,1,1.7322999999999935
884,0,1,yes,2,at_home,3,3,reputation,2,yes,no,yes,3,2.6274999999999995
885,0,1,yes,4,other,2,2,home,1,yes,no,no,25,3.3987000000000243
886,0,1,yes,5,other,1,2,home,1,no,no,yes,1,3.0696000000000074
887,0,1,yes,3,at_home,2,1,course,3,yes,no,yes,1,2.960799999999995
888,1,1,no,2,other,2,4,reputation,1,no,no,yes,15,1.7322999999999935
889,0,1,yes,5,health,2,5,course,2,yes,no,yes,4,3.0696000000000074
890,0,1,yes,4,teacher,2,3,course,2,no,yes,yes,6,2.8813999999999993
891,0,1,yes,3,teacher,1,5,course,1,yes,no,no,1,1.7322999999999935
892,0,1,yes,5,services,1,2,course,1,yes,no,yes,2,3.0696000000000074
893,0,1,yes,3,other,3,4,course,2,no,yes,no,1,1.7322999999999935
894,0,1,yes,4,other,1,3,course,3,no,no,yes,1,3.9566999999999948
895,0,1,yes,2,other,1,2,course,2,no,no,yes,1,3.0696000000000074
896,3,1,no,1,services,1,5,other,1,no,no,no,25,1.7322999999999935
897,1,1,yes,5,other,2,3,course,1,no,yes,yes,3,0.822199999999999
898,0,1,yes,5,other,1,2,other,1,no,no,no,8,3.475700000000025
899,1,1,no,5,services,1,5,course,2,no,no,yes,8,1.7322999999999935
900,0,1,yes,2,at_home,2,3,reputation,3,no,yes,no,3,2.2827000000000277
901,1,1,no,5,services,1,5,other,1,no,no,no,10,2.0212000000000065
902,0,1,yes,3,other,1,2,course,2,yes,no,no,3,2.1876000000000246
903,0,1,yes,5,other,1,2,course,1,no,no,no,8,2.753599999999988
904,1,1,yes,5,health,1,4,course,2,yes,yes,yes,2,2.1876000000000246
905,0,1,yes,4,teacher,4,3,reputation,1,yes,yes,yes,1,3.2804000000000295
906,0,1,yes,1,services,2,1,reputation,1,no,yes,yes,1,2.8813999999999993
907,0,1,yes,4,other,2,4,home,1,yes,no,yes,2,3.475700000000025
908,0,1,yes,2,services,4,1,course,1,yes,no,yes,1,2.403800000000029
909,0,1,yes,2,services,2,2,home,1,no,yes,yes,3,3.9566999999999948
910,0,1,yes,3,teacher,2,2,course,1,no,yes,no,1,2.1876000000000246
911,0,1,yes,3,other,3,2,course,1,yes,no,no,1,3.0696000000000074
912,0,1,yes,4,other,3,3,home,1,yes,no,no,1,2.403800000000029
913,0,1,yes,3,at_home,3,3,home,1,yes,yes,yes,1,2.403800000000029
914,0,1,yes,1,other,2,5,reputation,2,yes,yes,yes,12,3.9566999999999948
915,0,1,yes,5,services,2,4,other,1,yes,no,yes,12,2.403800000000029
916,0,1,yes,4,teacher,2,4,reputation,2,yes,no,yes,4,2.8813999999999993
917,0,1,yes,5,health,2,5,reputation,1,yes,yes,yes,3,2.5397000000000025
918,0,1,no,3,other,2,5,reputation,2,no,yes,yes,2,1.7322999999999935
919,2,1,yes,5,other,2,5,home,1,yes,yes,yes,9,2.2827000000000277
920,0,1,yes,2,other,4,5,reputation,1,yes,yes,yes,3,3.475700000000025
921,0,1,yes,3,other,2,3,home,2,no,yes,no,1,2.8813999999999993
922,0,1,yes,1,at_home,2,2,home,1,yes,yes,no,4,3.475700000000025
923,0,1,yes,1,at_home,2,3,reputation,2,no,yes,yes,1,2.6274999999999995
924,0,1,yes,5,services,2,4,course,2,no,yes,yes,6,3.0696000000000074
925,0,1,no,5,other,2,1,home,2,no,no,no,1,2.403800000000029
926,0,1,yes,3,teacher,1,4,home,2,yes,no,yes,4,2.2827000000000277
927,1,1,yes,4,health,2,4,reputation,1,yes,yes,yes,1,2.1876000000000246
928,0,1,yes,1,teacher,1,3,course,2,yes,no,yes,2,2.7192999999999885
929,0,1,yes,5,services,1,4,home,2,yes,no,yes,8,2.1876000000000246
930,1,1,yes,3,teacher,1,4,home,1,no,no,yes,12,2.6274999999999995
931,0,1,yes,3,at_home,4,2,reputation,2,yes,yes,yes,1,3.0696000000000074
932,0,1,yes,4,other,2,4,home,2,yes,no,yes,1,2.2827000000000277
933,0,1,yes,5,other,2,5,course,1,no,yes,no,2,2.6274999999999995
934,0,1,yes,4,other,2,3,reputation,1,no,no,no,2,2.8813999999999993
935,0,1,yes,2,at_home,3,3,other,1,no,yes,yes,2,3.9566999999999948
936,0,1,yes,3,services,3,3,reputation,1,no,yes,yes,1,3.0696000000000074
937,0,1,yes,2,services,3,4,reputation,1,yes,no,yes,3,3.475700000000025
938,0,1,yes,2,teacher,2,3,reputation,1,yes,yes,yes,1,3.475700000000025
939,0,1,yes,5,teacher,2,2,home,1,yes,yes,yes,4,2.938699999999997
940,0,1,yes,3,health,3,2,reputation,1,no,yes,yes,2,3.7431999999999626
941,1,1,yes,5,services,2,3,reputation,1,no,no,yes,1,3.0696000000000074
942,0,1,yes,3,services,4,2,reputation,2,no,yes,yes,1,3.9566999999999948
943,0,1,yes,4,services,3,2,reputation,2,yes,yes,yes,1,3.4567000000000245
944,0,1,yes,5,health,1,3,home,1,no,yes,yes,3,3.0696000000000074
945,0,1,yes,2,health,2,4,reputation,2,yes,yes,yes,6,2.403800000000029
946,0,1,yes,2,other,2,5,home,2,no,yes,yes,2,2.1876000000000246
947,0,1,yes,3,other,4,3,reputation,1,no,yes,yes,1,3.4567000000000245
948,0,1,yes,1,teacher,1,2,home,1,no,yes,yes,4,3.7865999999999556
949,0,1,yes,4,health,2,4,home,1,no,yes,yes,1,2.8813999999999993
950,0,1,yes,5,other,1,1,home,2,no,no,yes,4,2.753599999999988
951,0,1,yes,3,other,3,3,reputation,2,no,yes,yes,1,3.4567000000000245
952,0,1,yes,5,health,4,2,reputation,1,yes,yes,no,2,3.9566999999999948
953,1,1,yes,3,other,2,4,home,1,yes,yes,yes,1,3.475700000000025
954,1,1,yes,3,services,2,3,reputation,1,yes,yes,yes,1,3.2752000000000288
955,0,1,yes,5,services,1,3,course,1,yes,no,yes,1,3.9566999999999948
956,1,1,yes,4,teacher,1,4,reputation,2,no,yes,yes,1,2.1876000000000246
957,1,1,yes,5,other,2,3,reputation,1,yes,no,yes,2,3.2804000000000295
958,1,1,yes,3,at_home,2,3,reputation,1,yes,yes,no,3,2.753599999999988
959,1,1,yes,3,services,2,4,home,1,yes,no,no,4,2.2827000000000277
960,0,1,no,2,at_home,2,1,other,3,no,yes,yes,1,3.2804000000000295
961,1,1,yes,4,other,2,2,course,1,no,no,no,4,2.960799999999995
962,1,1,yes,1,services,2,2,reputation,2,no,yes,no,2,2.938699999999997
963,2,1,yes,3,at_home,3,2,home,1,no,no,no,1,3.4567000000000245
964,1,1,yes,3,other,3,2,reputation,1,no,no,yes,1,2.960799999999995
965,0,1,yes,1,services,2,3,course,2,yes,yes,yes,2,2.1876000000000246
966,0,1,yes,5,other,3,4,course,1,yes,yes,yes,1,2.403800000000029
967,0,1,yes,5,at_home,3,4,course,1,yes,yes,no,10,2.753599999999988
968,0,1,yes,5,teacher,2,4,course,1,no,yes,yes,9,2.8813999999999993
969,0,1,yes,5,services,2,2,course,1,no,yes,yes,2,3.2804000000000295
970,0,1,yes,3,other,2,2,course,1,no,yes,yes,1,2.5397000000000025
971,0,1,yes,3,services,3,2,course,1,yes,yes,yes,4,2.8813999999999993
972,0,1,yes,5,services,3,3,course,1,no,yes,no,6,3.4567000000000245
973,0,1,yes,2,at_home,3,3,home,2,no,no,yes,6,3.7865999999999556
974,0,1,yes,3,other,3,3,course,1,yes,no,yes,4,2.753599999999988
975,0,1,yes,5,other,1,5,reputation,1,yes,no,no,15,3.7431999999999626
976,0,1,yes,4,services,1,5,course,4,no,yes,yes,25,2.7192999999999885
977,0,1,yes,4,teacher,3,4,course,1,yes,yes,yes,3,2.403800000000029
978,0,1,yes,4,teacher,3,3,course,2,no,yes,no,2,3.475700000000025
979,0,1,yes,5,other,4,5,course,1,yes,yes,yes,8,2.1876000000000246
980,0,1,yes,5,at_home,3,3,course,1,no,yes,yes,1,3.3987000000000243
981,0,1,yes,4,services,2,4,home,1,yes,no,yes,1,1.7322999999999935
982,0,1,yes,2,other,2,3,home,1,yes,no,no,1,2.1876000000000246
983,0,1,yes,4,at_home,4,4,course,2,yes,no,yes,1,2.403800000000029
984,0,1,yes,5,services,3,5,course,1,no,no,yes,3,3.7865999999999556
985,1,1,yes,5,services,3,3,home,1,no,no,yes,2,3.3987000000000243
986,0,1,yes,2,other,2,2,home,1,no,yes,yes,6,1.7322999999999935
987,0,1,yes,1,services,4,3,home,1,no,yes,yes,1,3.7865999999999556
988,0,1,yes,2,other,2,3,home,1,no,yes,yes,6,2.5397000000000025
989,1,1,yes,3,services,3,4,home,1,yes,no,yes,3,2.938699999999997
990,1,1,yes,2,teacher,2,3,home,1,yes,yes,yes,4,2.6274999999999995
991,0,1,yes,5,services,2,3,home,1,yes,no,yes,3,3.7865999999999556
992,1,1,yes,4,at_home,2,1,home,1,no,yes,yes,2,2.1876000000000246
993,0,1,yes,3,at_home,3,3,course,1,no,yes,yes,2,2.7192999999999885
994,0,1,yes,1,other,3,3,other,1,no,no,yes,6,3.3987000000000243
995,0,1,yes,4,teacher,3,2,course,1,no,no,yes,2,3.7865999999999556
996,0,1,yes,5,teacher,3,5,course,1,no,yes,yes,6,2.5397000000000025
997,0,1,yes,4,health,3,3,reputation,1,yes,yes,yes,3,3.475700000000025
998,1,1,yes,5,other,1,5,course,2,no,yes,no,25,3.0696000000000074
999,3,1,yes,2,other,2,4,home,3,no,no,yes,9,2.0212000000000065
1000,0,1,yes,3,health,2,4,course,2,no,yes,yes,6,3.2804000000000295
1001,1,1,no,3,at_home,1,3,course,1,no,no,yes,6,2.0212000000000065
1002,1,1,yes,5,other,1,4,home,3,no,yes,yes,9,2.1876000000000246
1003,0,1,yes,2,services,2,5,home,2,yes,yes,no,3,2.960799999999995
1004,0,1,yes,5,services,2,4,course,1,no,yes,yes,1,2.403800000000029
1005,0,1,yes,5,teacher,2,3,other,2,yes,yes,yes,2,3.2752000000000288
1006,0,1,yes,5,services,2,3,reputation,2,no,no,yes,2,2.960799999999995
1007,0,1,yes,3,other,1,2,home,2,no,no,no,2,2.6274999999999995
1008,0,1,yes,4,at_home,3,2,course,2,no,no,yes,1,3.9566999999999948
1009,0,1,yes,5,at_home,2,4,course,3,no,no,yes,4,3.2804000000000295
1010,1,1,no,5,at_home,2,3,other,2,yes,no,no,6,3.0696000000000074
1011,0,1,yes,3,services,2,2,other,2,no,yes,yes,3,2.753599999999988
1012,0,1,yes,1,at_home,2,4,course,1,yes,yes,yes,1,3.7865999999999556
1013,0,1,yes,3,other,2,2,course,2,no,no,no,2,2.960799999999995
1014,0,1,yes,3,at_home,2,4,course,2,no,yes,yes,8,2.6274999999999995
1015,0,1,yes,5,teacher,3,2,other,2,no,no,yes,4,3.2804000000000295
1016,1,1,yes,1,other,1,1,reputation,3,no,yes,yes,2,1.7322999999999935
1017,0,1,yes,4,at_home,1,3,course,2,no,yes,yes,2,2.7192999999999885
1018,0,1,yes,5,other,2,2,other,3,no,yes,no,8,3.0696000000000074
1019,2,1,yes,3,services,2,2,home,2,yes,no,yes,1,2.0212000000000065
1020,0,1,no,3,at_home,1,3,other,3,yes,yes,yes,6,3.2752000000000288
1021,0,1,yes,3,other,3,3,home,1,yes,no,yes,1,2.960799999999995
1022,0,1,yes,1,other,1,5,course,1,yes,no,yes,3,1.1637999999999862
1023,0,1,yes,1,other,3,4,reputation,2,no,no,yes,1,3.9566999999999948
1024,0,1,yes,4,other,3,2,home,4,no,no,yes,2,2.1876000000000246
1025,2,1,yes,3,health,3,3,course,2,no,yes,no,1,3.630499999999973
1026,0,1,yes,2,teacher,2,3,course,1,yes,no,yes,12,2.2827000000000277
1027,0,1,yes,1,other,2,3,home,1,no,no,yes,2,3.7431999999999626
1028,0,1,yes,1,at_home,2,4,reputation,1,yes,yes,no,6,2.6274999999999995
1029,0,1,yes,2,teacher,2,4,home,1,yes,no,no,4,3.475700000000025
1030,0,1,yes,5,other,1,3,other,2,yes,no,no,3,1.7322999999999935
1031,0,1,yes,3,other,2,3,home,2,yes,no,yes,1,2.753599999999988
1032,1,1,yes,5,other,1,2,other,2,no,no,yes,3,1.1637999999999862
1033,1,1,yes,3,other,1,3,home,2,no,no,yes,12,1.1637999999999862
1034,0,1,yes,4,at_home,3,3,other,2,no,no,yes,3,2.5397000000000025
1035,0,1,yes,5,teacher,1,3,reputation,3,yes,yes,yes,4,1.1637999999999862
1036,1,1,yes,5,services,3,2,course,1,yes,no,no,2,1.7322999999999935
1037,0,1,yes,1,teacher,2,4,course,1,no,yes,yes,1,2.1876000000000246
1038,1,1,yes,5,other,2,1,course,2,yes,no,yes,1,1.1637999999999862
1039,2,1,yes,4,services,2,4,course,1,no,yes,yes,20,2.2827000000000277
1040,0,1,yes,2,services,1,5,course,2,no,no,no,12,3.7865999999999556
1041,3,1,yes,3,other,1,3,course,1,no,no,no,9,2.1876000000000246
1042,0,1,yes,5,services,1,1,course,3,no,no,no,12,2.8813999999999993
1043,0,1,yes,5,other,1,3,course,1,no,no,yes,9,2.1876000000000246
